ID,Type,SKU,"GTIN, UPC, EAN of ISBN",Naam,Gepubliceerd,Uitgelicht?,"Zichtbaarheid in catalogus","Korte beschrijving",Beschrijving,"Startdatum actieprijs","Einddatum actieprijs","Btw status",Belastingklasse,"Op voorraad?",Voorraad,"Lage voorraad","Nabestellingen toestaan?","Wordt individueel verkocht?","Gewicht (kg)","Lengte (cm)","Breedte (cm)","Hoogte (cm)","Klantbeoordelingen toestaan?",Aankoopnotitie,Actieprijs,"Reguliere prijs",Categorieën,Tags,Verzendklasse,Afbeeldingen,Downloadlimiet,"Dagen vervaltijd download",Hoofd,"Gegroepeerde producten",Upsells,Cross-sells,"Externe URL","Knop tekst",Positie,Merken,"Blocksy aangepaste gegevens","Bloksy variatie afbeeldingen","Meta: _wp_page_template","Meta: ekit_post_views_count"
1073,simple,6097329177111,,"Konijn - Helmcover - Motor - Scooter - Universeel - Accessoires",1,0,visible,"Levertijd 1-2 werkdagen","<p class="""" data-start=""160"" data-end=""415""><strong data-start=""160"" data-end=""199"">Stijlvolle bescherming voor je helm</strong><br data-start=""199"" data-end=""202"" />Geef je helm een unieke en persoonlijke uitstraling met onze hoogwaardige stoffen helmcover. Deze cover is ontworpen om niet alleen visueel op te vallen, maar ook praktische voordelen te bieden tijdens het rijden.</p>\n<p class="""" data-start=""417"" data-end=""862"">• <strong data-start=""419"" data-end=""441"">Universele pasvorm</strong> – Dankzij het elastische ontwerp past de cover op de meeste integraalhelmen. Let op: bij systeemhelmen kan het openen beperkt worden.<br data-start=""575"" data-end=""578"" />• <strong data-start=""580"" data-end=""603"">Strakke aansluiting</strong> – De cover sluit nauw aan en blijft stevig op zijn plaats, ook bij hogere snelheden.<br data-start=""688"" data-end=""691"" />• <strong data-start=""693"" data-end=""708"">Beschermend</strong> – Helpt de helm te beschermen tegen krassen, stof en vuil.<br data-start=""767"" data-end=""770"" />• <strong data-start=""772"" data-end=""789"">Geluiddempend</strong> – Vermindert windruis voor een stillere en comfortabelere rijervaring.</p>\n<p class="""" data-start=""864"" data-end=""952""><em data-start=""864"" data-end=""952"">Let op: dit product betreft uitsluitend de helmcover. De helm zelf is niet inbegrepen.</em></p>",,,taxable,,1,15,,0,0,,,,,1,,,"34,95","Alles, Helmcovers","Accessoires, Brommer, Grappig, Helm Cover, Helmen, Helmet Cover, Moped, Motor, Motorcycle, Scooter",,"https://bikerfun.nl/wp-content/uploads/2023/10/Helmcover-bunny.jpg, https://bikerfun.nl/wp-content/uploads/2023/10/Bunny-voorkant.jpg, https://bikerfun.nl/wp-content/uploads/2023/10/Bunny-on-model.jpg",,,,,,,,,0,,,,default,1403
1082,simple,6097727558505,,"0-100 Real Quick - Sleutelhanger - Motor - Scooter - Auto - Universeel - Accessoires",1,0,visible,"Levertijd 1-3 werkdagen","Op zoek naar een handige sleutelhanger voor je motor, auto, scooter of brommer? Deze sleutelhanger is perfect voor je sleutels. Gemaakt van stof met een verdikte rand en een lange afmeting, zorgt ervoor dat de sleutelhanger makkelijk uit je broekzak/jaszak te halen is, zelfs met handschoenen aan.\n\nBovendien zijn de sleutelhangers voorzien van leuke en unieke teksten die ze extra speciaal maken. Er zijn diverse varianten beschikbaar, elk met een andere tekst. Neem dus zeker een kijkje bij de overige sleutelhangers om de perfecte keuze te vinden die bij jou past.\n\n<strong>Kenmerken:</strong>\n<ul>\n 	<li>Praktisch</li>\n 	<li>Lage prijs</li>\n 	<li>Mooi voor uw sleutelbos!</li>\n 	<li>Binnen 1-2 werkdagen in huis</li>\n 	<li>Afmetingen: 13 x 3 cm</li>\n 	<li>Materiaal: Stof</li>\n</ul>",,,taxable,,1,15,,0,0,,,,,1,,,"6,95",Sleutelhangers,"Auto, Borduren, Creatief, Fiets, Kwaliteit, Leuk, Motor, Scooter, Sleutelbos, Sleutelhanger",0-100gram,https://bikerfun.nl/wp-content/uploads/2023/10/0-100.jpg,,,,,,,,,0,,,,default,630
1123,simple,6097323879875,,"Toothless - Helmcover - Motor - Scooter - Universeel - Accessoires",1,0,visible,"Levertijd 1-2 werkdagen","<p class="""" data-start=""160"" data-end=""415""><strong data-start=""160"" data-end=""199"">Stijlvolle bescherming voor je helm</strong><br data-start=""199"" data-end=""202"" />Geef je helm een unieke en persoonlijke uitstraling met onze hoogwaardige stoffen helmcover. Deze cover is ontworpen om niet alleen visueel op te vallen, maar ook praktische voordelen te bieden tijdens het rijden.</p>\n<p class="""" data-start=""417"" data-end=""862"">• <strong data-start=""419"" data-end=""441"">Universele pasvorm</strong> – Dankzij het elastische ontwerp past de cover op de meeste integraalhelmen. Let op: bij systeemhelmen kan het openen beperkt worden.<br data-start=""575"" data-end=""578"" />• <strong data-start=""580"" data-end=""603"">Strakke aansluiting</strong> – De cover sluit nauw aan en blijft stevig op zijn plaats, ook bij hogere snelheden.<br data-start=""688"" data-end=""691"" />• <strong data-start=""693"" data-end=""708"">Beschermend</strong> – Helpt de helm te beschermen tegen krassen, stof en vuil.<br data-start=""767"" data-end=""770"" />• <strong data-start=""772"" data-end=""789"">Geluiddempend</strong> – Vermindert windruis voor een stillere en comfortabelere rijervaring.</p>\n<p class="""" data-start=""864"" data-end=""952""><em data-start=""864"" data-end=""952"">Let op: dit product betreft uitsluitend de helmcover. De helm zelf is niet inbegrepen.</em></p>",,,taxable,,1,14,,0,0,,,,,1,,,"34,95","Alles, Helmcovers","Accessoires, Brommer, Grappig, Helm Cover, Helmen, Helmet Cover, Moped, Motor, Motorcycle, Scooter",,"https://bikerfun.nl/wp-content/uploads/2023/10/Helmcover-Toothless.jpg, https://bikerfun.nl/wp-content/uploads/2023/10/Toothless-on-model.jpg",,,,,,,,,0,,,,default,952
1166,simple,6097348715745,,"Grappige Roze Helmcover - Helmcover - Motor - Scooter - Universeel - Accessoires (kopie)",1,0,visible,"Levertijd 1-2 werkdagen","<p class="""" data-start=""160"" data-end=""415""><strong data-start=""160"" data-end=""199"">Stijlvolle bescherming voor je helm</strong><br data-start=""199"" data-end=""202"" />Geef je helm een unieke en persoonlijke uitstraling met onze hoogwaardige stoffen helmcover. Deze cover is ontworpen om niet alleen visueel op te vallen, maar ook praktische voordelen te bieden tijdens het rijden.</p>\n<p class="""" data-start=""417"" data-end=""862"">• <strong data-start=""419"" data-end=""441"">Universele pasvorm</strong> – Dankzij het elastische ontwerp past de cover op de meeste integraalhelmen. Let op: bij systeemhelmen kan het openen beperkt worden.<br data-start=""575"" data-end=""578"" />• <strong data-start=""580"" data-end=""603"">Strakke aansluiting</strong> – De cover sluit nauw aan en blijft stevig op zijn plaats, ook bij hogere snelheden.<br data-start=""688"" data-end=""691"" />• <strong data-start=""693"" data-end=""708"">Beschermend</strong> – Helpt de helm te beschermen tegen krassen, stof en vuil.<br data-start=""767"" data-end=""770"" />• <strong data-start=""772"" data-end=""789"">Geluiddempend</strong> – Vermindert windruis voor een stillere en comfortabelere rijervaring.</p>\n<p class="""" data-start=""864"" data-end=""952""><em data-start=""864"" data-end=""952"">Let op: dit product betreft uitsluitend de helmcover. De helm zelf is niet inbegrepen.</em></p>",,,taxable,,1,9,,0,0,,,,,1,,,"34,95","Alles, Helmcovers","Accessoires, Brommer, Grappig, Helm Cover, Helmen, Helmet Cover, Moped, Motor, Motorcycle, Scooter",,"https://bikerfun.nl/wp-content/uploads/2023/10/Stitch-Roze.jpg, https://bikerfun.nl/wp-content/uploads/2023/10/Stitch-Roze-voorkant.jpg, https://bikerfun.nl/wp-content/uploads/2023/10/Stitch-Roze-on-modelv2.jpg",,,,,,,,,0,,,,default,1607
1187,simple,6097329236207,,"Helmcovers - Panda - Helmcover - Motor - Scooter - Universeel - Accessoires",1,0,visible,"Levertijd 1-2 werkdagen","<p class="""" data-start=""160"" data-end=""415""><strong data-start=""160"" data-end=""199"">Stijlvolle bescherming voor je helm</strong><br data-start=""199"" data-end=""202"" />Geef je helm een unieke en persoonlijke uitstraling met onze hoogwaardige stoffen helmcover. Deze cover is ontworpen om niet alleen visueel op te vallen, maar ook praktische voordelen te bieden tijdens het rijden.</p>\n<p class="""" data-start=""417"" data-end=""862"">• <strong data-start=""419"" data-end=""441"">Universele pasvorm</strong> – Dankzij het elastische ontwerp past de cover op de meeste integraalhelmen. Let op: bij systeemhelmen kan het openen beperkt worden.<br data-start=""575"" data-end=""578"" />• <strong data-start=""580"" data-end=""603"">Strakke aansluiting</strong> – De cover sluit nauw aan en blijft stevig op zijn plaats, ook bij hogere snelheden.<br data-start=""688"" data-end=""691"" />• <strong data-start=""693"" data-end=""708"">Beschermend</strong> – Helpt de helm te beschermen tegen krassen, stof en vuil.<br data-start=""767"" data-end=""770"" />• <strong data-start=""772"" data-end=""789"">Geluiddempend</strong> – Vermindert windruis voor een stillere en comfortabelere rijervaring.</p>\n<p class="""" data-start=""864"" data-end=""952""><em data-start=""864"" data-end=""952"">Let op: dit product betreft uitsluitend de helmcover. De helm zelf is niet inbegrepen.</em></p>",,,taxable,,1,24,,0,0,,,,,1,,,"34,95","Alles, Helmcovers","Accessoires, Brommer, Grappig, Helm Cover, Helmen, Helmet Cover, Moped, Motor, Motorcycle, Scooter",,"https://bikerfun.nl/wp-content/uploads/2023/10/Panda-voorkant.webp, https://bikerfun.nl/wp-content/uploads/2023/10/Helmcover-Panda.jpg, https://bikerfun.nl/wp-content/uploads/2023/10/Panda-on-model-scaled.webp",,,,,,,,,0,,,,default,416
1190,simple,6097608740753,,"Eend Lucky 8",-1,0,visible,,,,,taxable,,1,3,,0,0,,0,0,0,1,,,"0,00",Alles,,,https://bikerfun.nl/wp-content/uploads/2023/10/variant_45622_2023-09-19.jpg,,,,,,,,,0,,,,,
1192,simple,1,,Decoratie,-1,0,visible,,,,,taxable,,1,,,0,0,,0,0,0,1,,,"0,00",Alles,,,https://bikerfun.nl/wp-content/uploads/2023/10/product_None_2023-09-19.jpg,,,,,,,,,0,,,,,
1194,simple,6097638726741,,"Eend Dog",-1,0,visible,,,,,taxable,,1,4,,0,0,,0,0,0,1,,,"0,00",Alles,,,https://bikerfun.nl/wp-content/uploads/2023/10/variant_45625_2023-09-19.jpg,,,,,,,,,0,,,,,
1196,simple,6097613770776,,"Eend Cobra",-1,0,visible,,,,,taxable,,1,6,,0,0,,0,0,0,1,,,"0,00",Alles,,,https://bikerfun.nl/wp-content/uploads/2023/10/variant_45623_2023-09-19.jpg,,,,,,,,,0,,,,,
1198,simple,6097603041008,,"Eend Bee",-1,0,visible,,,,,taxable,,1,1,,0,0,,0,0,0,1,,,"0,00",Alles,,,https://bikerfun.nl/wp-content/uploads/2023/10/variant_45626_2023-09-19.jpg,,,,,,,,,0,,,,,
1200,simple,6097608877848,,"Eend Duck",-1,0,visible,,,,,taxable,,1,4,,0,0,,0,0,0,1,,,"0,00",Alles,,,https://bikerfun.nl/wp-content/uploads/2023/10/variant_45624_2023-09-19.jpg,,,,,,,,,0,,,,,
1202,simple,6097615456425,,"Eend Riot Helmet",-1,0,visible,,,,,taxable,,1,4,,0,0,,0,0,0,1,,,"0,00",Alles,,,https://bikerfun.nl/wp-content/uploads/2023/10/variant_45627_2023-09-19.jpg,,,,,,,,,0,,,,,
1204,simple,6097719656615,,"Duivel Hoorns Rood",-1,0,visible,,,,,taxable,,0,0,,0,0,,0,0,0,1,,,"0,00",Alles,,,https://bikerfun.nl/wp-content/uploads/2023/10/variant_40796_2023-08-24.jpg,,,,,,,,,0,,,,,
1206,simple,6097600026077,,"Duivel Vleugel Rood",-1,0,visible,,,,,taxable,,1,4,,0,0,,0,0,0,1,,,"0,00",Alles,,,https://bikerfun.nl/wp-content/uploads/2023/10/variant_43874_2023-09-16.jpg,,,,,,,,,0,,,,,
1208,simple,6097742766718,,"Duivel Hoorns Zwart",-1,0,visible,,,,,taxable,,0,0,,0,0,,0,0,0,1,,,"0,00",Alles,,,https://bikerfun.nl/wp-content/uploads/2023/10/variant_40794_2023-08-24.jpeg,,,,,,,,,0,,,,,
1210,simple,6097610259250,,"Duivel Vleugels Zwart",-1,0,visible,,,,,taxable,,1,3,,0,0,,0,0,0,1,,,"0,00",Alles,,,https://bikerfun.nl/wp-content/uploads/2023/10/variant_43873_2023-09-16.jpg,,,,,,,,,0,,,,,
1212,simple,6097722558524,,"Duivel Hoorns Wit",-1,0,visible,,,,,taxable,,1,4,,0,0,,0,0,0,1,,,"0,00",Alles,,,https://bikerfun.nl/wp-content/uploads/2023/10/variant_40795_2023-08-24.jpg,,,,,,,,,0,,,,,
1214,simple,6097622928922,,"Duivel Hoorns Roze",-1,0,visible,,,,,taxable,,0,0,,0,0,,0,0,0,1,,,"0,00",Alles,,,https://bikerfun.nl/wp-content/uploads/2023/10/variant_43872_2023-09-16.jpg,,,,,,,,,0,,,,,
1216,simple,6097720075092,,"Paars Fade",-1,0,visible,,,,,taxable,,0,0,,0,0,0,0,0,0,1,,,"29,95",Alles,,,https://bikerfun.nl/wp-content/uploads/2023/10/variant_38153_2023-08-06.png,,,,,,,,,0,,,,,
1218,simple,6097732498445,,Blond,-1,0,visible,,,,,taxable,,1,1,,0,0,0,0,0,0,1,,,"29,95",Alles,,,https://bikerfun.nl/wp-content/uploads/2023/10/variant_38149_2023-08-06.png,,,,,,,,,0,,,,,
1220,simple,6097716291208,,Rood,-1,0,visible,,,,,taxable,,0,0,,0,0,0,0,0,0,1,,,"29,95",Alles,,,https://bikerfun.nl/wp-content/uploads/2023/10/variant_38152_2023-08-06.png,,,,,,,,,0,,,,,
1222,simple,6097722777796,,Roze,-1,0,visible,,,,,taxable,,0,0,,0,0,0,0,0,0,1,,,"29,95",Alles,,,https://bikerfun.nl/wp-content/uploads/2023/10/variant_38150_2023-08-06.png,,,,,,,,,0,,,,,
1224,simple,6097737259249,,Grijs,-1,0,visible,,,,,taxable,,0,0,,0,0,0,0,0,0,1,,,"29,95",Alles,,,https://bikerfun.nl/wp-content/uploads/2023/10/variant_38151_2023-08-06.png,,,,,,,,,0,,,,,
1226,simple,6097718039037,,"Cookie Monster - Helmcover - Motor - Scooter - Universeel - Accessoires",1,0,visible,"Levertijd 1-2 werkdagen","<p class="""" data-start=""160"" data-end=""415""><strong data-start=""160"" data-end=""199"">Stijlvolle bescherming voor je helm</strong><br data-start=""199"" data-end=""202"" />Geef je helm een unieke en persoonlijke uitstraling met onze hoogwaardige stoffen helmcover. Deze cover is ontworpen om niet alleen visueel op te vallen, maar ook praktische voordelen te bieden tijdens het rijden.</p>\n<p class="""" data-start=""417"" data-end=""862"">• <strong data-start=""419"" data-end=""441"">Universele pasvorm</strong> – Dankzij het elastische ontwerp past de cover op de meeste integraalhelmen. Let op: bij systeemhelmen kan het openen beperkt worden.<br data-start=""575"" data-end=""578"" />• <strong data-start=""580"" data-end=""603"">Strakke aansluiting</strong> – De cover sluit nauw aan en blijft stevig op zijn plaats, ook bij hogere snelheden.<br data-start=""688"" data-end=""691"" />• <strong data-start=""693"" data-end=""708"">Beschermend</strong> – Helpt de helm te beschermen tegen krassen, stof en vuil.<br data-start=""767"" data-end=""770"" />• <strong data-start=""772"" data-end=""789"">Geluiddempend</strong> – Vermindert windruis voor een stillere en comfortabelere rijervaring.</p>\n<p class="""" data-start=""864"" data-end=""952""><em data-start=""864"" data-end=""952"">Let op: dit product betreft uitsluitend de helmcover. De helm zelf is niet inbegrepen.</em></p>",,,taxable,,1,28,,0,0,,0,0,0,1,,,"34,95","Alles, Helmcovers","Accessoires, Brommer, Grappig, Helm Cover, Helmen, Helmet Cover, Moped, Motor, Motorcycle, Scooter",,"https://bikerfun.nl/wp-content/uploads/2023/10/variant_40484_2023-08-08.jpg, https://bikerfun.nl/wp-content/uploads/2023/10/Elmo-blue-zijkant.jpg, https://bikerfun.nl/wp-content/uploads/2023/10/Elmo-blue-on-model.jpg",,,,,,,,,0,,,,default,498
1228,simple,6097608554510,,"Santa Claus - Helmcover - Motor - Scooter - Universeel - Accessoires",1,0,visible,"Levertijd 1-2 werkdagen","<p class="""" data-start=""160"" data-end=""415""><strong data-start=""160"" data-end=""199"">Stijlvolle bescherming voor je helm</strong><br data-start=""199"" data-end=""202"" />Geef je helm een unieke en persoonlijke uitstraling met onze hoogwaardige stoffen helmcover. Deze cover is ontworpen om niet alleen visueel op te vallen, maar ook praktische voordelen te bieden tijdens het rijden.</p>\n<p class="""" data-start=""417"" data-end=""862"">• <strong data-start=""419"" data-end=""441"">Universele pasvorm</strong> – Dankzij het elastische ontwerp past de cover op de meeste integraalhelmen. Let op: bij systeemhelmen kan het openen beperkt worden.<br data-start=""575"" data-end=""578"" />• <strong data-start=""580"" data-end=""603"">Strakke aansluiting</strong> – De cover sluit nauw aan en blijft stevig op zijn plaats, ook bij hogere snelheden.<br data-start=""688"" data-end=""691"" />• <strong data-start=""693"" data-end=""708"">Beschermend</strong> – Helpt de helm te beschermen tegen krassen, stof en vuil.<br data-start=""767"" data-end=""770"" />• <strong data-start=""772"" data-end=""789"">Geluiddempend</strong> – Vermindert windruis voor een stillere en comfortabelere rijervaring.</p>\n<p class="""" data-start=""864"" data-end=""952""><em data-start=""864"" data-end=""952"">Let op: dit product betreft uitsluitend de helmcover. De helm zelf is niet inbegrepen.</em></p>",,,taxable,,0,0,,0,0,,0,0,0,1,,,"34,95","Alles, Helmcovers","Accessoires, Brommer, Grappig, Helm Cover, Helmen, Helmet Cover, Moped, Motor, Motorcycle, Scooter",,"https://bikerfun.nl/wp-content/uploads/2023/10/variant_40811_2023-08-27.jpg, https://bikerfun.nl/wp-content/uploads/2023/10/Santaclaus-voorkant-1.jpg, https://bikerfun.nl/wp-content/uploads/2023/10/Santaclaus-links-1.jpg, https://bikerfun.nl/wp-content/uploads/2023/10/Santa-claus-op-model-1.jpg",,,,,,,,,0,,,,default,469
1230,simple,6097330026064,,"Varkentje - Helmcover - Motor - Scooter - Universeel - Accessoires",1,0,visible,"Levertijd 1-2 werkdagen","<p class="""" data-start=""160"" data-end=""415""><strong data-start=""160"" data-end=""199"">Stijlvolle bescherming voor je helm</strong><br data-start=""199"" data-end=""202"" />Geef je helm een unieke en persoonlijke uitstraling met onze hoogwaardige stoffen helmcover. Deze cover is ontworpen om niet alleen visueel op te vallen, maar ook praktische voordelen te bieden tijdens het rijden.</p>\n<p class="""" data-start=""417"" data-end=""862"">• <strong data-start=""419"" data-end=""441"">Universele pasvorm</strong> – Dankzij het elastische ontwerp past de cover op de meeste integraalhelmen. Let op: bij systeemhelmen kan het openen beperkt worden.<br data-start=""575"" data-end=""578"" />• <strong data-start=""580"" data-end=""603"">Strakke aansluiting</strong> – De cover sluit nauw aan en blijft stevig op zijn plaats, ook bij hogere snelheden.<br data-start=""688"" data-end=""691"" />• <strong data-start=""693"" data-end=""708"">Beschermend</strong> – Helpt de helm te beschermen tegen krassen, stof en vuil.<br data-start=""767"" data-end=""770"" />• <strong data-start=""772"" data-end=""789"">Geluiddempend</strong> – Vermindert windruis voor een stillere en comfortabelere rijervaring.</p>\n<p class="""" data-start=""864"" data-end=""952""><em data-start=""864"" data-end=""952"">Let op: dit product betreft uitsluitend de helmcover. De helm zelf is niet inbegrepen.</em></p>",,,taxable,,1,15,,0,0,0,0,0,0,1,,,"34,95","Alles, Helmcovers","Accessoires, Brommer, Grappig, Helm Cover, Helmen, Helmet Cover, Moped, Motor, Motorcycle, Scooter",,"https://bikerfun.nl/wp-content/uploads/2023/10/variant_38142_2023-10-30.jpg, https://bikerfun.nl/wp-content/uploads/2023/10/Helmcover-Pig-voorkant-1.jpg, https://bikerfun.nl/wp-content/uploads/2023/10/Helmcover-Pig-Model-1.jpg",,,,,,,,,0,,,,default,377
1232,simple,6097328856895,,"Regenboog - Helmcover - Motor - Scooter - Universeel - Accessoires",1,0,visible,"Levertijd 1-2 werkdagen","<p class="""" data-start=""160"" data-end=""415""><strong data-start=""160"" data-end=""199"">Stijlvolle bescherming voor je helm</strong><br data-start=""199"" data-end=""202"" />Geef je helm een unieke en persoonlijke uitstraling met onze hoogwaardige stoffen helmcover. Deze cover is ontworpen om niet alleen visueel op te vallen, maar ook praktische voordelen te bieden tijdens het rijden.</p>\n<p class="""" data-start=""417"" data-end=""862"">• <strong data-start=""419"" data-end=""441"">Universele pasvorm</strong> – Dankzij het elastische ontwerp past de cover op de meeste integraalhelmen. Let op: bij systeemhelmen kan het openen beperkt worden.<br data-start=""575"" data-end=""578"" />• <strong data-start=""580"" data-end=""603"">Strakke aansluiting</strong> – De cover sluit nauw aan en blijft stevig op zijn plaats, ook bij hogere snelheden.<br data-start=""688"" data-end=""691"" />• <strong data-start=""693"" data-end=""708"">Beschermend</strong> – Helpt de helm te beschermen tegen krassen, stof en vuil.<br data-start=""767"" data-end=""770"" />• <strong data-start=""772"" data-end=""789"">Geluiddempend</strong> – Vermindert windruis voor een stillere en comfortabelere rijervaring.</p>\n<p class="""" data-start=""864"" data-end=""952""><em data-start=""864"" data-end=""952"">Let op: dit product betreft uitsluitend de helmcover. De helm zelf is niet inbegrepen.</em></p>",,,taxable,,1,12,,0,0,0,0,0,0,1,,,"34,95","Alles, Helmcovers","Accessoires, Brommer, Grappig, Helm Cover, Helmen, Helmet Cover, Moped, Motor, Motorcycle, Scooter",,"https://bikerfun.nl/wp-content/uploads/2023/10/variant_38145_2023-10-30.jpg, https://bikerfun.nl/wp-content/uploads/2023/10/Helmcover-rainbow.jpg, https://bikerfun.nl/wp-content/uploads/2023/10/Helmcover-rainbow2.webp",,,,,,,,,0,,,,default,473
1234,simple,6097726255207,,"Elmo - Helmcover - Motor - Scooter - Universeel - Accessoires",1,0,visible,"Levertijd 1-2 werkdagen","<p class="""" data-start=""160"" data-end=""415""><strong data-start=""160"" data-end=""199"">Stijlvolle bescherming voor je helm</strong><br data-start=""199"" data-end=""202"" />Geef je helm een unieke en persoonlijke uitstraling met onze hoogwaardige stoffen helmcover. Deze cover is ontworpen om niet alleen visueel op te vallen, maar ook praktische voordelen te bieden tijdens het rijden.</p>\n<p class="""" data-start=""417"" data-end=""862"">• <strong data-start=""419"" data-end=""441"">Universele pasvorm</strong> – Dankzij het elastische ontwerp past de cover op de meeste integraalhelmen. Let op: bij systeemhelmen kan het openen beperkt worden.<br data-start=""575"" data-end=""578"" />• <strong data-start=""580"" data-end=""603"">Strakke aansluiting</strong> – De cover sluit nauw aan en blijft stevig op zijn plaats, ook bij hogere snelheden.<br data-start=""688"" data-end=""691"" />• <strong data-start=""693"" data-end=""708"">Beschermend</strong> – Helpt de helm te beschermen tegen krassen, stof en vuil.<br data-start=""767"" data-end=""770"" />• <strong data-start=""772"" data-end=""789"">Geluiddempend</strong> – Vermindert windruis voor een stillere en comfortabelere rijervaring.</p>\n<p class="""" data-start=""864"" data-end=""952""><em data-start=""864"" data-end=""952"">Let op: dit product betreft uitsluitend de helmcover. De helm zelf is niet inbegrepen.</em></p>",,,taxable,,1,27,,0,0,0,0,0,0,1,,,"34,95","Alles, Helmcovers","Accessoires, Brommer, Grappig, Helm Cover, Helmen, Helmet Cover, Moped, Motor, Motorcycle, Scooter",,"https://bikerfun.nl/wp-content/uploads/2023/10/elmo.jpg, https://bikerfun.nl/wp-content/uploads/2023/10/Elmo-voorkant.webp, https://bikerfun.nl/wp-content/uploads/2023/10/Elmo-on-model.webp",,,,,,,,,0,,,,default,514
1236,simple,6097716770772,,"Unicorn - Helmcover - Motor - Scooter - Universeel - Accessoires",1,0,visible,"Levertijd 1-2 werkdagen","<p class="""" data-start=""160"" data-end=""415""><strong data-start=""160"" data-end=""199"">Stijlvolle bescherming voor je helm</strong><br data-start=""199"" data-end=""202"" />Geef je helm een unieke en persoonlijke uitstraling met onze hoogwaardige stoffen helmcover. Deze cover is ontworpen om niet alleen visueel op te vallen, maar ook praktische voordelen te bieden tijdens het rijden.</p>\n<p class="""" data-start=""417"" data-end=""862"">• <strong data-start=""419"" data-end=""441"">Universele pasvorm</strong> – Dankzij het elastische ontwerp past de cover op de meeste integraalhelmen. Let op: bij systeemhelmen kan het openen beperkt worden.<br data-start=""575"" data-end=""578"" />• <strong data-start=""580"" data-end=""603"">Strakke aansluiting</strong> – De cover sluit nauw aan en blijft stevig op zijn plaats, ook bij hogere snelheden.<br data-start=""688"" data-end=""691"" />• <strong data-start=""693"" data-end=""708"">Beschermend</strong> – Helpt de helm te beschermen tegen krassen, stof en vuil.<br data-start=""767"" data-end=""770"" />• <strong data-start=""772"" data-end=""789"">Geluiddempend</strong> – Vermindert windruis voor een stillere en comfortabelere rijervaring.</p>\n<p class="""" data-start=""864"" data-end=""952""><em data-start=""864"" data-end=""952"">Let op: dit product betreft uitsluitend de helmcover. De helm zelf is niet inbegrepen.</em></p>",,,taxable,,1,9,,0,0,,0,0,0,1,,,"34,95","Alles, Helmcovers","Accessoires, Brommer, Grappig, Helm Cover, Helmen, Helmet Cover, Moped, Motor, Motorcycle, Scooter",,"https://bikerfun.nl/wp-content/uploads/2023/10/variant_40482_2023-08-08.jpg, https://bikerfun.nl/wp-content/uploads/2023/10/Unicorn-voorkant-scaled.webp",,,,,,,,,0,,,,default,784
1238,simple,6097601798775,,"Pumpkin - Helmcover - Motor - Scooter - Universeel - Accessoires",1,0,visible,"Levertijd 1-2 werkdagen","<p class="""" data-start=""160"" data-end=""415""><strong data-start=""160"" data-end=""199"">Stijlvolle bescherming voor je helm</strong><br data-start=""199"" data-end=""202"" />Geef je helm een unieke en persoonlijke uitstraling met onze hoogwaardige stoffen helmcover. Deze cover is ontworpen om niet alleen visueel op te vallen, maar ook praktische voordelen te bieden tijdens het rijden.</p>\n<p class="""" data-start=""417"" data-end=""862"">• <strong data-start=""419"" data-end=""441"">Universele pasvorm</strong> – Dankzij het elastische ontwerp past de cover op de meeste integraalhelmen. Let op: bij systeemhelmen kan het openen beperkt worden.<br data-start=""575"" data-end=""578"" />• <strong data-start=""580"" data-end=""603"">Strakke aansluiting</strong> – De cover sluit nauw aan en blijft stevig op zijn plaats, ook bij hogere snelheden.<br data-start=""688"" data-end=""691"" />• <strong data-start=""693"" data-end=""708"">Beschermend</strong> – Helpt de helm te beschermen tegen krassen, stof en vuil.<br data-start=""767"" data-end=""770"" />• <strong data-start=""772"" data-end=""789"">Geluiddempend</strong> – Vermindert windruis voor een stillere en comfortabelere rijervaring.</p>\n<p class="""" data-start=""864"" data-end=""952""><em data-start=""864"" data-end=""952"">Let op: dit product betreft uitsluitend de helmcover. De helm zelf is niet inbegrepen.</em></p>",,,taxable,,1,10,,0,0,,0,0,0,1,,,"34,95","Alles, Helmcovers","Accessoires, Brommer, Grappig, Helm Cover, Helmen, Helmet Cover, Moped, Motor, Motorcycle, Scooter",,"https://bikerfun.nl/wp-content/uploads/2023/10/variant_43876_2023-09-16.jpg, https://bikerfun.nl/wp-content/uploads/2023/10/Pumpkin-side.webp, https://bikerfun.nl/wp-content/uploads/2023/10/Pumpkin.webp, https://bikerfun.nl/wp-content/uploads/2023/10/Pumpkin-on-model.jpg",,,,,,,,,0,,,,default,386
1240,simple,6097719580576,,"Clown - Helmcover - Motor - Scooter - Universeel - Accessoires",1,0,visible,"Levertijd 1-2 werkdagen","<p class="""" data-start=""160"" data-end=""415""><strong data-start=""160"" data-end=""199"">Stijlvolle bescherming voor je helm</strong><br data-start=""199"" data-end=""202"" />Geef je helm een unieke en persoonlijke uitstraling met onze hoogwaardige stoffen helmcover. Deze cover is ontworpen om niet alleen visueel op te vallen, maar ook praktische voordelen te bieden tijdens het rijden.</p>\n<p class="""" data-start=""417"" data-end=""862"">• <strong data-start=""419"" data-end=""441"">Universele pasvorm</strong> – Dankzij het elastische ontwerp past de cover op de meeste integraalhelmen. Let op: bij systeemhelmen kan het openen beperkt worden.<br data-start=""575"" data-end=""578"" />• <strong data-start=""580"" data-end=""603"">Strakke aansluiting</strong> – De cover sluit nauw aan en blijft stevig op zijn plaats, ook bij hogere snelheden.<br data-start=""688"" data-end=""691"" />• <strong data-start=""693"" data-end=""708"">Beschermend</strong> – Helpt de helm te beschermen tegen krassen, stof en vuil.<br data-start=""767"" data-end=""770"" />• <strong data-start=""772"" data-end=""789"">Geluiddempend</strong> – Vermindert windruis voor een stillere en comfortabelere rijervaring.</p>\n<p class="""" data-start=""864"" data-end=""952""><em data-start=""864"" data-end=""952"">Let op: dit product betreft uitsluitend de helmcover. De helm zelf is niet inbegrepen.</em></p>",,,taxable,,1,16,,0,0,,0,0,0,1,,,"34,95","Alles, Helmcovers","Accessoires, Brommer, Grappig, Helm Cover, Helmen, Helmet Cover, Moped, Motor, Motorcycle, Scooter",,"https://bikerfun.nl/wp-content/uploads/2023/10/Clown-1.png, https://bikerfun.nl/wp-content/uploads/2023/10/Helmcover-clown.jpg, https://bikerfun.nl/wp-content/uploads/2023/10/Clown-on-modelv2.jpg",,,,,,,,,0,,,,default,400
1242,simple,6097327990965,,"Grappige Blauwe Helmcover - Helmcover - Motor - Scooter - Universeel - Accessoires",1,0,visible,"Levertijd 1-2 werkdagen","<p class="""" data-start=""160"" data-end=""415""><strong data-start=""160"" data-end=""199"">Stijlvolle bescherming voor je helm</strong><br data-start=""199"" data-end=""202"" />Geef je helm een unieke en persoonlijke uitstraling met onze hoogwaardige stoffen helmcover. Deze cover is ontworpen om niet alleen visueel op te vallen, maar ook praktische voordelen te bieden tijdens het rijden.</p>\n<p class="""" data-start=""417"" data-end=""862"">• <strong data-start=""419"" data-end=""441"">Universele pasvorm</strong> – Dankzij het elastische ontwerp past de cover op de meeste integraalhelmen. Let op: bij systeemhelmen kan het openen beperkt worden.<br data-start=""575"" data-end=""578"" />• <strong data-start=""580"" data-end=""603"">Strakke aansluiting</strong> – De cover sluit nauw aan en blijft stevig op zijn plaats, ook bij hogere snelheden.<br data-start=""688"" data-end=""691"" />• <strong data-start=""693"" data-end=""708"">Beschermend</strong> – Helpt de helm te beschermen tegen krassen, stof en vuil.<br data-start=""767"" data-end=""770"" />• <strong data-start=""772"" data-end=""789"">Geluiddempend</strong> – Vermindert windruis voor een stillere en comfortabelere rijervaring.</p>\n<p class="""" data-start=""864"" data-end=""952""><em data-start=""864"" data-end=""952"">Let op: dit product betreft uitsluitend de helmcover. De helm zelf is niet inbegrepen.</em></p>",,,taxable,,1,16,,0,0,0,0,0,0,1,,,"34,95","Alles, Helmcovers","Accessoires, Brommer, Grappig, Helm Cover, Helmen, Helmet Cover, Moped, Motor, Motorcycle, Scooter",,"https://bikerfun.nl/wp-content/uploads/2023/10/variant_38141_2023-08-06.jpg, https://bikerfun.nl/wp-content/uploads/2023/10/Stitch-Blauw-left.jpg, https://bikerfun.nl/wp-content/uploads/2023/10/Stitch-Blauw-voorkant.jpg, https://bikerfun.nl/wp-content/uploads/2023/10/Stitch-Blauw-on-model.webp",,,,,,,,,0,,,,default,545
1244,simple,6097326180107,,"Paarse Duivel - Helmcover - Motor - Scooter - Universeel - Accessoires",1,0,visible,"Levertijd 1-2 werkdagen","<p class="""" data-start=""160"" data-end=""415""><strong data-start=""160"" data-end=""199"">Stijlvolle bescherming voor je helm</strong><br data-start=""199"" data-end=""202"" />Geef je helm een unieke en persoonlijke uitstraling met onze hoogwaardige stoffen helmcover. Deze cover is ontworpen om niet alleen visueel op te vallen, maar ook praktische voordelen te bieden tijdens het rijden.</p>\n<p class="""" data-start=""417"" data-end=""862"">• <strong data-start=""419"" data-end=""441"">Universele pasvorm</strong> – Dankzij het elastische ontwerp past de cover op de meeste integraalhelmen. Let op: bij systeemhelmen kan het openen beperkt worden.<br data-start=""575"" data-end=""578"" />• <strong data-start=""580"" data-end=""603"">Strakke aansluiting</strong> – De cover sluit nauw aan en blijft stevig op zijn plaats, ook bij hogere snelheden.<br data-start=""688"" data-end=""691"" />• <strong data-start=""693"" data-end=""708"">Beschermend</strong> – Helpt de helm te beschermen tegen krassen, stof en vuil.<br data-start=""767"" data-end=""770"" />• <strong data-start=""772"" data-end=""789"">Geluiddempend</strong> – Vermindert windruis voor een stillere en comfortabelere rijervaring.</p>\n<p class="""" data-start=""864"" data-end=""952""><em data-start=""864"" data-end=""952"">Let op: dit product betreft uitsluitend de helmcover. De helm zelf is niet inbegrepen.</em></p>",,,taxable,,1,10,,0,0,0,0,0,0,1,,,"34,95","Alles, Helmcovers","Accessoires, Brommer, Grappig, Helm Cover, Helmen, Helmet Cover, Moped, Motor, Motorcycle, Scooter",,"https://bikerfun.nl/wp-content/uploads/2023/10/Helmcover-Purple-Devil-2.jpg, https://bikerfun.nl/wp-content/uploads/2023/10/Purple-devil-on-model.webp",,,,,,,,,0,,,,default,415
1246,simple,6097606131126,,"Shark - Helmcover - Motor - Scooter - Universeel - Accessoires",1,0,visible,"Levertijd 1-2 werkdagen","<p class="""" data-start=""160"" data-end=""415""><strong data-start=""160"" data-end=""199"">Stijlvolle bescherming voor je helm</strong><br data-start=""199"" data-end=""202"" />Geef je helm een unieke en persoonlijke uitstraling met onze hoogwaardige stoffen helmcover. Deze cover is ontworpen om niet alleen visueel op te vallen, maar ook praktische voordelen te bieden tijdens het rijden.</p>\n<p class="""" data-start=""417"" data-end=""862"">• <strong data-start=""419"" data-end=""441"">Universele pasvorm</strong> – Dankzij het elastische ontwerp past de cover op de meeste integraalhelmen. Let op: bij systeemhelmen kan het openen beperkt worden.<br data-start=""575"" data-end=""578"" />• <strong data-start=""580"" data-end=""603"">Strakke aansluiting</strong> – De cover sluit nauw aan en blijft stevig op zijn plaats, ook bij hogere snelheden.<br data-start=""688"" data-end=""691"" />• <strong data-start=""693"" data-end=""708"">Beschermend</strong> – Helpt de helm te beschermen tegen krassen, stof en vuil.<br data-start=""767"" data-end=""770"" />• <strong data-start=""772"" data-end=""789"">Geluiddempend</strong> – Vermindert windruis voor een stillere en comfortabelere rijervaring.</p>\n<p class="""" data-start=""864"" data-end=""952""><em data-start=""864"" data-end=""952"">Let op: dit product betreft uitsluitend de helmcover. De helm zelf is niet inbegrepen.</em></p>",,,taxable,,1,10,,0,0,,0,0,0,1,,,"34,95","Alles, Helmcovers","Accessoires, Brommer, Grappig, Helm Cover, Helmen, Helmet Cover, Moped, Motor, Motorcycle, Scooter",,https://bikerfun.nl/wp-content/uploads/2023/10/variant_43875_2023-09-16.webp,,,,,,,,,0,,,,default,398
1248,simple,6097732429456,,"Plastic Wit",-1,0,visible,,,,,taxable,,1,8,,0,0,0,0,0,0.01,1,,,"14,95",Alles,,,https://bikerfun.nl/wp-content/uploads/2023/10/variant_38147_2023-08-06.png,,,,,,,,,0,,,,,
1250,simple,6097728138119,,"Stof Grijs",-1,0,visible,,,,,taxable,,0,0,,0,0,,0,0,0,1,,,"0,00",Alles,,,https://bikerfun.nl/wp-content/uploads/2023/10/variant_40564_2023-08-15.jpg,,,,,,,,,0,,,,,
1252,simple,6097722433418,,"Plastic Roze",-1,0,visible,,,,,taxable,,1,3,,0,0,0,0,0,0,1,,,"14,95",Alles,,,https://bikerfun.nl/wp-content/uploads/2023/10/variant_38148_2023-08-06.png,,,,,,,,,0,,,,,
1254,simple,6097733768721,,"Stof Zwart",-1,0,visible,,,,,taxable,,0,0,,0,0,,0,0,0,1,,,"0,00",Alles,,,https://bikerfun.nl/wp-content/uploads/2023/10/variant_40563_2023-08-15.jpg,,,,,,,,,0,,,,,
1256,simple,6097730457499,,"Plastic Zwart",-1,0,visible,,,,,taxable,,1,8,,0,0,0,0,0,0,1,,,"14,95",Alles,,,https://bikerfun.nl/wp-content/uploads/2023/10/variant_38146_2023-08-06.png,,,,,,,,,0,,,,,
1258,simple,6097724588512,,"Kentekenplaathouder - Universeel - Verstelbaar - Verkort - Zwart",1,0,visible,"Levertijd 1-2 werkdagen","<strong>Kenmerken:</strong>\n\n1.CNC machinaal bewerkt, groot uiterlijk en vakmanschap, Matte oppervlakte met hard geanodiseerde afwerking\n2. Materiaal: Aluminiumlegering van hoge kwaliteit\n3.LED Tail Light Eliminator met hoge lumen LEDs, hoge lichtopbrengst maar laag stroomverbruik, super helder\n4. twee draden verbinding: zwarte lijn voor grond, rode lijn: witte kentekenplaat licht\n5.Universal past motocycle, controleer alstublieft de metingen die worden verstrekt voordat u koopt.\n\n<strong>Past op de volgende modellen:</strong>\n\nVoor BMW R1200GS F800GS F700GS K16000B F800GT K1600GT K1600GTL R1200RT K1200RS\nVoor Yamaha MT01 MT07 MT10 YZF-R3 YZF-R6 YZF-R7 YZFR15 R125 600R TMAX530 500 FZ1 FZ6 FZ8 FZS1000 FZS600 R3 XJ6 XJR1300\nVoor Yamaha YZ80/YZ85/YZ125/YZ250 YZ250F/YZ426F/YZ450F YZ250/450FX WR250F/WR426F/WR450F WR250R/X TTR250\nVoor Kawasaki Z800 Z1000 Z750R Versys 650\nVoor Kawasaki Ninja 1000 KX 65/80/85/100/500 KX250F/KX450F KDX200/220 KLX400 KLX450R Z800 Z 1000SX\nVoor Honda X4 NC 700 S X VFR 1200/F XL 1000\nVoor Honda Super Grom 125 /MSX 125 CB500X CB400 CB1000\nVoor Suzuki GS 500 SV 650 GSXR 1000\nVoor Suzuki DR 200S DR200SE DR-Z250 DRZ400E DRZ 400S DRZ400SM TL1000R SV1000/S DL1000\nVoor APRILIA RSV1000R\nVoor DUCATI 888 849 851 749 898 1198\nVoor KTM Duke 200 het hele jaar<strong>\n</strong>\n\n<strong>Let op, past niet op:</strong>\n\nNiet voor HONDA CB125R 2018\nNiet voor HONDA CBR300R 2015\nNiet voor HONDA CBR500RR 2020\nNiet voor HONDA CBR600RR ALL\nNiet voor HONDA CBR500RR ALL\nNiet voor HONDA CB500F ALL\nNiet voor HONDA MONKEY ALL\nNiet voor SUZUKI GSXR600 2011-2022\nNiet voor SUZUKI GSXR750 2011-2022\nNiet voor SUZUKI GSXS750 2022\nNiet voor KAWASAKI NINJA125\nNiet voor KAWASAKI NINJA250R 250SL\nNiet voor KAWASAKI NINJA300 2013-2019\nNiet voor KAWASAKI NINJA400 2019-2022\nNiet voor KAWASAKI ZX6R 2021\nNiet voor KAWASAKI NINJA EX650 2021\nNiet voor KAWASAKI ZX-14R ALLEMAAL\nNiet voor KAWASAKI Z750 Z 750S 2004\nNiet voor YAMAHA MT09 2017-2020\nNiet voor YAMAHA YZF-R125 2019\nNiet voor YAMAHA R1 2012-2108\nNiet voor YAMAHA R6 2020\nNiet voor YAMAHA XMAX 2019\nNiet voor YAMAHA MT-03 ALLEMAAL\nNiet voor KTM Duke 890 2022\nNiet voor Ducati 1098Streetfighter 2012",,,taxable,,1,18,,0,0,0,0,0,0,1,,,"45,95","Alles, Kentekenplaathouders","Accessoires, Kentekenplaathouder, Kentekens, Motor, Motorcycle, Onderdelen, Scooter, Verkort",,"https://bikerfun.nl/wp-content/uploads/2023/10/variant_38156_2023-08-06.png, https://bikerfun.nl/wp-content/uploads/2023/10/kentekenproduct.png, https://bikerfun.nl/wp-content/uploads/2023/10/kenteken.jpg, https://bikerfun.nl/wp-content/uploads/2023/10/kentekenv2.jpg, https://bikerfun.nl/wp-content/uploads/2023/10/Afmetingen.jpg, https://bikerfun.nl/wp-content/uploads/2023/10/Instructiesv1.jpg",,,,,,,,,0,,,,default,337
1260,simple,6097721577595,,"Dynamische LED Knipperlichten E Mark",-1,0,visible,,,,,taxable,,1,109,,0,0,,0,0,0,1,,,"0,00",Alles,,,https://bikerfun.nl/wp-content/uploads/2023/10/variant_40844_2023-08-28.jpg,,,,,,,,,0,,,,,
1262,simple,6097748828816,,"Dynamische LED Knipperlichten",1,0,visible,"Levertijd 1-2 werkdagen","Dynamische knipperlichten voor op de motor. Je herkent de knipperlichten van onder andere de nieuwe audi of volkswagen modellen.\n\nDe knipperlichten zijn universeel toepasbaar maar kunnen wel enige aanpassingen vereisen. Zo kan het zijn dat de knipperlichten te snel gaan knipperen. In dat geval moeten de relais vervangen worden door een 2- of 3- pins relais. Controleer vooraf of de knipperlichten compatibel zijn met uw kabelboom.",,,taxable,,1,3,,0,0,0,0,0,0,1,,,"18,95","Alles, Knipperlichten","Accessoires, Brommer, Fiets, Knipperlichten, Moped, Motor, Motorcycle, Onderdelen, Richtingaanwijzer, Verlichting",,"https://bikerfun.nl/wp-content/uploads/2023/10/variant_38154_2023-08-06.png, https://bikerfun.nl/wp-content/uploads/2023/10/Led.jpg, https://bikerfun.nl/wp-content/uploads/2023/10/LED2.jpg",,,,,,,,,0,,,,default,292
1264,simple,6097719696642,,"Dynamische LED Knipperlichten E Mark Rood",1,0,visible,"Levertijd 1-2 werkdagen","Dynamische knipperlichten voor op de motor. Je herkent de knipperlichten van onder andere de nieuwe audi of volkswagen modellen.\n\nDe knipperlichten zijn universeel toepasbaar maar kunnen wel enige aanpassingen vereisen. Zo kan het zijn dat de knipperlichten te snel gaan knipperen. In dat geval moeten de relais vervangen worden door een 2- of 3- pins relais. Controleer vooraf of de knipperlichten compatibel zijn met uw kabelboom.\n\nDe knipperlichten zijn gekeurd en beschikken over een E Mark. Dit document bewijst dat de producten voldoen aan de vereisten van de relevante richtlijnen of voorschriften.",,,taxable,,1,30,,0,0,,0,0,0,1,,,"29,95","Alles, Knipperlichten","Accessoires, E-Mark, Knipperlichten, Motor, Onderdelen, Richtingaanwijzer, Scooter, Verlichting",,"https://bikerfun.nl/wp-content/uploads/2023/10/variant_40846_2023-08-28.jpg, https://bikerfun.nl/wp-content/uploads/2023/10/3.jpg, https://bikerfun.nl/wp-content/uploads/2023/10/4.jpg, https://bikerfun.nl/wp-content/uploads/2023/10/5.jpg, https://bikerfun.nl/wp-content/uploads/2023/10/6.jpg, https://bikerfun.nl/wp-content/uploads/2023/10/Led.png, https://bikerfun.nl/wp-content/uploads/2023/10/Ledrood.jpg",,,,,,,,,0,,,,default,192
1266,simple,6097722635645,,"Dynamische LED Knipperlichten E Mark Wit",1,0,visible,"Levertijd 1-2 werkdagen","Dynamische knipperlichten voor op de motor. Je herkent de knipperlichten van onder andere de nieuwe audi of volkswagen modellen.\n\nDe knipperlichten zijn universeel toepasbaar maar kunnen wel enige aanpassingen vereisen. Zo kan het zijn dat de knipperlichten te snel gaan knipperen. In dat geval moeten de relais vervangen worden door een 2- of 3- pins relais. Controleer vooraf of de knipperlichten compatibel zijn met uw kabelboom.\n\nDe knipperlichten zijn gekeurd en beschikken over een E Mark. Dit document bewijst dat de producten voldoen aan de vereisten van de relevante richtlijnen of voorschriften.",,,taxable,,1,28,,0,0,,0,0,0,1,,,"29,95","Alles, Knipperlichten","Accessoires, Brommer, E-Mark, Knipperlichten, Motor, Motorcycle, Onderdelen, Richtingaanwijzer, Scooter, Verlichting",,"https://bikerfun.nl/wp-content/uploads/2023/10/variant_40845_2023-08-28.jpg, https://bikerfun.nl/wp-content/uploads/2023/10/Ledwit.jpg, https://bikerfun.nl/wp-content/uploads/2023/10/Led.png, https://bikerfun.nl/wp-content/uploads/2023/10/6.jpg, https://bikerfun.nl/wp-content/uploads/2023/10/5.jpg, https://bikerfun.nl/wp-content/uploads/2023/10/4.jpg",,,,,,,,,0,,,,default,218
1268,simple,6097724667668,,Motorhoezen,-1,0,visible,,,,,taxable,,0,0,,0,0,,0,0,0,1,,,"0,00",Alles,,,https://bikerfun.nl/wp-content/uploads/2023/10/product_None_2023-08-18.jpg,,,,,,,,,0,,,,,
1270,simple,6097717078082,,"Motortoolbag - Rhino",-1,0,visible,,,,,taxable,,0,0,,0,0,,0,0,0,1,,,"0,00",Alles,,,https://bikerfun.nl/wp-content/uploads/2023/10/variant_40778_2023-08-23.jpg,,,,,,,,,0,,,,,
1272,simple,6097721718738,,"Motortas - Staarttas",1,0,visible,"Levertijd 1-2 werkdagen","Deze multifunctionele motortas is speciaal ontworpen om aan de behoeften van motorrijders te voldoen. Met zijn unieke ontwerp biedt de tas niet alleen voldoende opbergruimte, maar kan hij ook op de staart van de motor worden bevestigd voor extra gemak en functionaliteit.\n\nDe tas is gemaakt van duurzaam en waterbestendig materiaal, waardoor hij bestand is tegen verschillende weersomstandigheden en langdurig gebruik. Met deze motortas kan je tot wel 37 liter meenemen, dat is genoeg om een extra helm mee te nemen.\n\n<strong>Kenmerken</strong>\n+ Afmetingen: 29x30x43cm &gt; tot wel 37L!\n+ Waterdicht met regenhoes\n+ Gewicht: 1.3kg\n+ Reflectiestrips\n+ Gemakkelijk te bevestigen op de staart van de motor\n+ Ook te dragen als rugtas",,,taxable,,1,9,,0,0,0,0,0,0,1,,,"79,95","Alles, Rugzakken","Accessoires, Brommer, Motor, Rugzak, Scooter, Zadeltas",,"https://bikerfun.nl/wp-content/uploads/2023/10/rugzak4.jpg, https://bikerfun.nl/wp-content/uploads/2023/10/variant_38155_2023-08-06.jpg, https://bikerfun.nl/wp-content/uploads/2023/10/rugzak2.jpg, https://bikerfun.nl/wp-content/uploads/2023/10/rugzak3.jpg, https://bikerfun.nl/wp-content/uploads/2023/10/rugzak5.jpg, https://bikerfun.nl/wp-content/uploads/2023/10/motorrugzaktail.png, https://bikerfun.nl/wp-content/uploads/2023/10/tasinstructies.jpg",,,,,,,,,0,,,,default,470
1274,simple,6097609392326,,"Live Fast",-1,0,visible,,,,,taxable,,1,1,,0,0,,0,0,0,1,,,"0,00",Alles,,,https://bikerfun.nl/wp-content/uploads/2023/10/variant_43879_2023-09-16.jpg,,,,,,,,,0,,,,,
1276,simple,6097602832850,,"I'm good with my hands",-1,0,visible,,,,,taxable,,1,2,,0,0,,0,0,0,1,,,"0,00",Alles,,,https://bikerfun.nl/wp-content/uploads/2023/10/variant_43880_2023-09-16.jpg,,,,,,,,,0,,,,,
1278,simple,6097645982925,,Akrapovic,-1,0,visible,,,,,taxable,,0,0,,0,0,,0,0,0,1,,,"0,00",Alles,,,https://bikerfun.nl/wp-content/uploads/2023/10/variant_43883_2023-09-16.jpg,,,,,,,,,0,,,,,
1280,simple,6097620669698,,"0-100 real quick",-1,0,visible,,,,,taxable,,0,0,,0,0,,0,0,0,1,,,"0,00",Alles,,,https://bikerfun.nl/wp-content/uploads/2023/10/variant_43878_2023-09-16.jpg,,,,,,,,,0,,,,,
1282,simple,6097610656615,,"Fuck It",-1,0,visible,,,,,taxable,,1,10,,0,0,,0,0,0,1,,,"0,00",Alles,,,https://bikerfun.nl/wp-content/uploads/2023/10/variant_43885_2023-09-16.jpg,,,,,,,,,0,,,,,
1284,simple,6097613686664,,"Touch it ... you die",-1,0,visible,,,,,taxable,,1,5,,0,0,,0,0,0,1,,,"0,00",Alles,,,https://bikerfun.nl/wp-content/uploads/2023/10/variant_43882_2023-09-16.jpg,,,,,,,,,0,,,,,
1286,simple,6097602169109,,"Isle Of Man",-1,0,visible,,,,,taxable,,1,5,,0,0,,0,0,0,1,,,"0,00",Alles,,,https://bikerfun.nl/wp-content/uploads/2023/10/variant_43887_2023-09-16.jpg,,,,,,,,,0,,,,,1
1288,simple,6097602252221,,AGV,-1,0,visible,,,,,taxable,,0,0,,0,0,,0,0,0,1,,,"0,00",Alles,,,https://bikerfun.nl/wp-content/uploads/2023/10/variant_43881_2023-09-16.jpg,,,,,,,,,0,,,,,
1290,simple,6097603183159,,"Middle Finger",-1,0,visible,,,,,taxable,,1,3,,0,0,,0,0,0,1,,,"0,00",Alles,,,https://bikerfun.nl/wp-content/uploads/2023/10/variant_43886_2023-09-16.jpg,,,,,,,,,0,,,,,
1292,simple,6097612642609,,Duck,-1,0,visible,,,,,taxable,,1,6,,0,0,,0,0,0,1,,,"0,00",Alles,,,https://bikerfun.nl/wp-content/uploads/2023/10/variant_43884_2023-09-16.jpg,,,,,,,,,0,,,,,
1294,simple,6097601038062,,299km/h,-1,0,visible,,,,,taxable,,1,3,,0,0,,0,0,0,1,,,"0,00",Alles,,,https://bikerfun.nl/wp-content/uploads/2023/10/variant_43889_2023-09-16.jpg,,,,,,,,,0,,,,,
1296,simple,6097622069045,,"Don't Touch My Bike",-1,0,visible,,,,,taxable,,1,10,,0,0,,0,0,0,1,,,"0,00",Alles,,,https://bikerfun.nl/wp-content/uploads/2023/10/variant_43888_2023-09-16.jpg,,,,,,,,,0,,,,,
1300,simple,6097728241208,,"Loud Pipes Save Lives (Rood) - Sleutelhanger - Motor - Scooter - Auto - Universeel - Accessoires",1,0,visible,,"<p>Op zoek naar een handige sleutelhanger voor je motor, auto, scooter of brommer? Deze sleutelhanger is perfect voor je sleutels. Gemaakt van stof met een verdikte rand en een lange afmeting, zorgt ervoor dat de sleutelhanger makkelijk uit je broekzak/jaszak te halen is, zelfs met handschoenen aan.</p>\n<p>Bovendien zijn de sleutelhangers voorzien van leuke en unieke teksten die ze extra speciaal maken. Er zijn diverse varianten beschikbaar, elk met een andere tekst. Neem dus zeker een kijkje bij de overige sleutelhangers om de perfecte keuze te vinden die bij jou past.</p>\n<p><strong>Kenmerken:</strong></p>\n<ul>\n<li>Praktisch</li>\n<li>Lage prijs</li>\n<li>Mooi voor uw sleutelbos!</li>\n<li>Binnen 1-2 werkdagen in huis</li>\n<li>Afmetingen: 13 x 3 cm</li>\n<li>Materiaal: Stof</li>\n</ul>",,,taxable,,1,11,,0,0,,0,0,0,1,,,"6,95","Alles, Sleutelhangers","Auto, Borduren, Creatief, Fiets, Kwaliteit, Leuk, Motor, Scooter, Sleutelbos, Sleutelhanger",0-100gram,https://bikerfun.nl/wp-content/uploads/2023/10/variant_40347_2023-08-06.jpg,,,,,,,,,0,,,,,298
1302,simple,6097723687681,,"Beauty And The Beast - Sleutelhanger - Motor - Scooter - Auto - Universeel - Accessoires",1,0,visible,,"<p>Op zoek naar een handige sleutelhanger voor je motor, auto, scooter of brommer? Deze sleutelhanger is perfect voor je sleutels. Gemaakt van stof met een verdikte rand en een lange afmeting, zorgt ervoor dat de sleutelhanger makkelijk uit je broekzak/jaszak te halen is, zelfs met handschoenen aan.</p>\n<p>Bovendien zijn de sleutelhangers voorzien van leuke en unieke teksten die ze extra speciaal maken. Er zijn diverse varianten beschikbaar, elk met een andere tekst. Neem dus zeker een kijkje bij de overige sleutelhangers om de perfecte keuze te vinden die bij jou past.</p>\n<p><strong>Kenmerken:</strong></p>\n<ul>\n<li>Praktisch</li>\n<li>Lage prijs</li>\n<li>Mooi voor uw sleutelbos!</li>\n<li>Binnen 1-2 werkdagen in huis</li>\n<li>Afmetingen: 13 x 3 cm</li>\n<li>Materiaal: Stof</li>\n</ul>",,,taxable,,1,28,,0,0,,0,0,0,1,,,"6,95","Alles, Sleutelhangers","Auto, Borduren, Creatief, Fiets, Kwaliteit, Leuk, Motor, Scooter, Sleutelbos, Sleutelhanger",0-100gram,https://bikerfun.nl/wp-content/uploads/2023/10/variant_41963_2023-09-06.webp,,,,,,,,,0,,,,,399
1304,simple,6097324364356,,"Loud Pipes Save Lives - Sleutelhanger - Motor - Scooter - Auto - Universeel - Accessoires",1,0,visible,,"<p>Op zoek naar een handige sleutelhanger voor je motor, auto, scooter of brommer? Deze sleutelhanger is perfect voor je sleutels. Gemaakt van stof met een verdikte rand en een lange afmeting, zorgt ervoor dat de sleutelhanger makkelijk uit je broekzak/jaszak te halen is, zelfs met handschoenen aan.</p>\n<p>Bovendien zijn de sleutelhangers voorzien van leuke en unieke teksten die ze extra speciaal maken. Er zijn diverse varianten beschikbaar, elk met een andere tekst. Neem dus zeker een kijkje bij de overige sleutelhangers om de perfecte keuze te vinden die bij jou past.</p>\n<p><strong>Kenmerken:</strong></p>\n<ul>\n<li>Praktisch</li>\n<li>Lage prijs</li>\n<li>Mooi voor uw sleutelbos!</li>\n<li>Binnen 1-2 werkdagen in huis</li>\n<li>Afmetingen: 13 x 3 cm</li>\n<li>Materiaal: Stof</li>\n</ul>",,,taxable,,1,13,,0,0,0,0,0,0,1,,,"6,95","Alles, Sleutelhangers","Auto, Borduren, Creatief, Fiets, Kwaliteit, Leuk, Motor, Scooter, Sleutelbos, Sleutelhanger",0-100gram,https://bikerfun.nl/wp-content/uploads/2023/10/variant_38127_2023-08-06.jpg,,,,,,,,,0,,,,,202
1308,simple,6097719374335,,"Motor Heartbeat Wit Op Rood - Sleutelhanger - Motor - Scooter - Auto - Universeel - Accessoires",1,0,visible,,"Op zoek naar een handige sleutelhanger voor je motor, auto, scooter of brommer? Deze sleutelhanger is perfect voor je sleutels. Gemaakt van stof met een verdikte rand en een lange afmeting, zorgt ervoor dat de sleutelhanger makkelijk uit je broekzak/jaszak te halen is, zelfs met handschoenen aan.\n\nBovendien zijn de sleutelhangers voorzien van leuke en unieke teksten die ze extra speciaal maken. Er zijn diverse varianten beschikbaar, elk met een andere tekst. Neem dus zeker een kijkje bij de overige sleutelhangers om de perfecte keuze te vinden die bij jou past.\n\n<strong>Kenmerken:</strong>\n<ul>\n 	<li>Praktisch</li>\n 	<li>Lage prijs</li>\n 	<li>Mooi voor uw sleutelbos!</li>\n 	<li>Binnen 1-2 werkdagen in huis</li>\n 	<li>Afmetingen: 13 x 3 cm</li>\n 	<li>Materiaal: Stof</li>\n</ul>",,,taxable,,1,17,,0,0,,0,0,0,1,,,"6,95","Alles, Sleutelhangers","Auto, Borduren, Creatief, Fiets, Kwaliteit, Leuk, Motor, Scooter, Sleutelbos, Sleutelhanger",0-100gram,https://bikerfun.nl/wp-content/uploads/2023/10/variant_41966_2023-09-06.jpg,,,,,,,,,0,,,,default,346
1310,simple,6097732464495,,"Loud Noice On - Sleutelhanger - Motor - Scooter - Auto - Universeel - Accessoires",1,0,visible,,"<p>Op zoek naar een handige sleutelhanger voor je motor, auto, scooter of brommer? Deze sleutelhanger is perfect voor je sleutels. Gemaakt van stof met een verdikte rand en een lange afmeting, zorgt ervoor dat de sleutelhanger makkelijk uit je broekzak/jaszak te halen is, zelfs met handschoenen aan.</p>\n<p>Bovendien zijn de sleutelhangers voorzien van leuke en unieke teksten die ze extra speciaal maken. Er zijn diverse varianten beschikbaar, elk met een andere tekst. Neem dus zeker een kijkje bij de overige sleutelhangers om de perfecte keuze te vinden die bij jou past.</p>\n<p><strong>Kenmerken:</strong></p>\n<ul>\n<li>Praktisch</li>\n<li>Lage prijs</li>\n<li>Mooi voor uw sleutelbos!</li>\n<li>Binnen 1-2 werkdagen in huis</li>\n<li>Afmetingen: 13 x 3 cm</li>\n<li>Materiaal: Stof</li>\n</ul>",,,taxable,,1,12,,0,0,0,0,0,0,1,,,"6,95","Alles, Sleutelhangers","Auto, Borduren, Creatief, Fiets, Kwaliteit, Leuk, Motor, Scooter, Sleutelbos, Sleutelhanger",0-100gram,https://bikerfun.nl/wp-content/uploads/2023/10/variant_38112_2023-08-06.jpg,,,,,,,,,0,,,,,197
1312,simple,6097717047071,,"Keep Calm - Sleutelhanger - Motor - Scooter - Auto - Universeel - Accessoires",1,0,visible,,"<p>Op zoek naar een handige sleutelhanger voor je motor, auto, scooter of brommer? Deze sleutelhanger is perfect voor je sleutels. Gemaakt van stof met een verdikte rand en een lange afmeting, zorgt ervoor dat de sleutelhanger makkelijk uit je broekzak/jaszak te halen is, zelfs met handschoenen aan.</p>\n<p>Bovendien zijn de sleutelhangers voorzien van leuke en unieke teksten die ze extra speciaal maken. Er zijn diverse varianten beschikbaar, elk met een andere tekst. Neem dus zeker een kijkje bij de overige sleutelhangers om de perfecte keuze te vinden die bij jou past.</p>\n<p><strong>Kenmerken:</strong></p>\n<ul>\n<li>Praktisch</li>\n<li>Lage prijs</li>\n<li>Mooi voor uw sleutelbos!</li>\n<li>Binnen 1-2 werkdagen in huis</li>\n<li>Afmetingen: 13 x 3 cm</li>\n<li>Materiaal: Stof</li>\n</ul>",,,taxable,,1,5,,0,0,0,0,0,0,1,,,"6,95","Alles, Sleutelhangers","Auto, Borduren, Creatief, Fiets, Kwaliteit, Leuk, Motor, Scooter, Sleutelbos, Sleutelhanger",0-100gram,https://bikerfun.nl/wp-content/uploads/2023/10/variant_38122_2023-08-06.jpg,,,,,,,,,0,,,,,218
1314,simple,6097716971933,,"HOONIGAN - Sleutelhanger - Motor - Scooter - Auto - Universeel - Accessoires",1,0,visible,,"<p>Op zoek naar een handige sleutelhanger voor je motor, auto, scooter of brommer? Deze sleutelhanger is perfect voor je sleutels. Gemaakt van stof met een verdikte rand en een lange afmeting, zorgt ervoor dat de sleutelhanger makkelijk uit je broekzak/jaszak te halen is, zelfs met handschoenen aan.</p>\n<p>Bovendien zijn de sleutelhangers voorzien van leuke en unieke teksten die ze extra speciaal maken. Er zijn diverse varianten beschikbaar, elk met een andere tekst. Neem dus zeker een kijkje bij de overige sleutelhangers om de perfecte keuze te vinden die bij jou past.</p>\n<p><strong>Kenmerken:</strong></p>\n<ul>\n<li>Praktisch</li>\n<li>Lage prijs</li>\n<li>Mooi voor uw sleutelbos!</li>\n<li>Binnen 1-2 werkdagen in huis</li>\n<li>Afmetingen: 13 x 3 cm</li>\n<li>Materiaal: Stof</li>\n</ul>",,,taxable,,1,19,,0,0,,0,0,0,1,,,"6,95","Alles, Sleutelhangers","Auto, Borduren, Creatief, Fiets, Kwaliteit, Leuk, Motor, Scooter, Sleutelbos, Sleutelhanger",0-100gram,https://bikerfun.nl/wp-content/uploads/2023/10/variant_41968_2023-09-06.webp,,,,,,,,,0,,,,,177
1316,simple,6097721658690,,"Live Fast - Sleutelhanger - Motor - Scooter - Auto - Universeel - Accessoires",1,0,visible,,"<p>Op zoek naar een handige sleutelhanger voor je motor, auto, scooter of brommer? Deze sleutelhanger is perfect voor je sleutels. Gemaakt van stof met een verdikte rand en een lange afmeting, zorgt ervoor dat de sleutelhanger makkelijk uit je broekzak/jaszak te halen is, zelfs met handschoenen aan.</p>\n<p>Bovendien zijn de sleutelhangers voorzien van leuke en unieke teksten die ze extra speciaal maken. Er zijn diverse varianten beschikbaar, elk met een andere tekst. Neem dus zeker een kijkje bij de overige sleutelhangers om de perfecte keuze te vinden die bij jou past.</p>\n<p><strong>Kenmerken:</strong></p>\n<ul>\n<li>Praktisch</li>\n<li>Lage prijs</li>\n<li>Mooi voor uw sleutelbos!</li>\n<li>Binnen 1-2 werkdagen in huis</li>\n<li>Afmetingen: 13 x 3 cm</li>\n<li>Materiaal: Stof</li>\n</ul>",,,taxable,,1,7,,0,0,0,0,0,0,1,,,"6,95","Alles, Sleutelhangers","Auto, Borduren, Creatief, Fiets, Kwaliteit, Leuk, Motor, Scooter, Sleutelbos, Sleutelhanger",0-100gram,https://bikerfun.nl/wp-content/uploads/2023/10/variant_38117_2023-08-06.png,,,,,,,,,0,,,,,291
1318,simple,6097723486451,,"Diver - Sleutelhanger - Motor - Scooter - Auto - Universeel - Accessoires",1,0,visible,,"<p>Op zoek naar een handige sleutelhanger voor je motor, auto, scooter of brommer? Deze sleutelhanger is perfect voor je sleutels. Gemaakt van stof met een verdikte rand en een lange afmeting, zorgt ervoor dat de sleutelhanger makkelijk uit je broekzak/jaszak te halen is, zelfs met handschoenen aan.</p>\n<p>Bovendien zijn de sleutelhangers voorzien van leuke en unieke teksten die ze extra speciaal maken. Er zijn diverse varianten beschikbaar, elk met een andere tekst. Neem dus zeker een kijkje bij de overige sleutelhangers om de perfecte keuze te vinden die bij jou past.</p>\n<p><strong>Kenmerken:</strong></p>\n<ul>\n<li>Praktisch</li>\n<li>Lage prijs</li>\n<li>Mooi voor uw sleutelbos!</li>\n<li>Binnen 1-2 werkdagen in huis</li>\n<li>Afmetingen: 13 x 3 cm</li>\n<li>Materiaal: Stof</li>\n</ul>",,,taxable,,1,7,,0,0,,0,0,0,1,,,"6,95","Alles, Sleutelhangers","Auto, Borduren, Creatief, Fiets, Kwaliteit, Leuk, Motor, Scooter, Sleutelbos, Sleutelhanger",0-100gram,https://bikerfun.nl/wp-content/uploads/2023/10/variant_40350_2023-08-06.jpg,,,,,,,,,0,,,,,345
1320,simple,6097323263292,,"My Therapist Bike - Sleutelhanger - Motor - Scooter - Auto - Universeel - Accessoires",1,0,visible,,"<p>Op zoek naar een handige sleutelhanger voor je motor, auto, scooter of brommer? Deze sleutelhanger is perfect voor je sleutels. Gemaakt van stof met een verdikte rand en een lange afmeting, zorgt ervoor dat de sleutelhanger makkelijk uit je broekzak/jaszak te halen is, zelfs met handschoenen aan.</p>\n<p>Bovendien zijn de sleutelhangers voorzien van leuke en unieke teksten die ze extra speciaal maken. Er zijn diverse varianten beschikbaar, elk met een andere tekst. Neem dus zeker een kijkje bij de overige sleutelhangers om de perfecte keuze te vinden die bij jou past.</p>\n<p><strong>Kenmerken:</strong></p>\n<ul>\n<li>Praktisch</li>\n<li>Lage prijs</li>\n<li>Mooi voor uw sleutelbos!</li>\n<li>Binnen 1-2 werkdagen in huis</li>\n<li>Afmetingen: 13 x 3 cm</li>\n<li>Materiaal: Stof</li>\n</ul>",,,taxable,,1,15,,0,0,0,0,0,0,1,,,"6,95","Alles, Sleutelhangers","Auto, Borduren, Creatief, Fiets, Kwaliteit, Leuk, Motor, Scooter, Sleutelbos, Sleutelhanger",0-100gram,https://bikerfun.nl/wp-content/uploads/2023/10/variant_38098_2023-10-09.png,,,,,,,,,0,,,,,276
1322,simple,6097729422491,,"Follow Me (Zwart) - Sleutelhanger - Motor - Scooter - Auto - Universeel - Accessoires",1,0,visible,,"<p>Op zoek naar een handige sleutelhanger voor je motor, auto, scooter of brommer? Deze sleutelhanger is perfect voor je sleutels. Gemaakt van stof met een verdikte rand en een lange afmeting, zorgt ervoor dat de sleutelhanger makkelijk uit je broekzak/jaszak te halen is, zelfs met handschoenen aan.</p>\n<p>Bovendien zijn de sleutelhangers voorzien van leuke en unieke teksten die ze extra speciaal maken. Er zijn diverse varianten beschikbaar, elk met een andere tekst. Neem dus zeker een kijkje bij de overige sleutelhangers om de perfecte keuze te vinden die bij jou past.</p>\n<p><strong>Kenmerken:</strong></p>\n<ul>\n<li>Praktisch</li>\n<li>Lage prijs</li>\n<li>Mooi voor uw sleutelbos!</li>\n<li>Binnen 1-2 werkdagen in huis</li>\n<li>Afmetingen: 13 x 3 cm</li>\n<li>Materiaal: Stof</li>\n</ul>",,,taxable,,1,2,,0,0,0,0,0,0,1,,,"6,95","Alles, Sleutelhangers","Auto, Borduren, Creatief, Fiets, Kwaliteit, Leuk, Motor, Scooter, Sleutelbos, Sleutelhanger",0-100gram,https://bikerfun.nl/wp-content/uploads/2023/10/variant_38099_2023-08-06.jpg,,,,,,,,,0,,,,,332
1324,simple,6097731560570,,"Ride It Like You Stole It - Sleutelhanger - Motor - Scooter - Auto - Universeel - Accessoires",1,0,visible,,"<p>Op zoek naar een handige sleutelhanger voor je motor, auto, scooter of brommer? Deze sleutelhanger is perfect voor je sleutels. Gemaakt van stof met een verdikte rand en een lange afmeting, zorgt ervoor dat de sleutelhanger makkelijk uit je broekzak/jaszak te halen is, zelfs met handschoenen aan.</p>\n<p>Bovendien zijn de sleutelhangers voorzien van leuke en unieke teksten die ze extra speciaal maken. Er zijn diverse varianten beschikbaar, elk met een andere tekst. Neem dus zeker een kijkje bij de overige sleutelhangers om de perfecte keuze te vinden die bij jou past.</p>\n<p><strong>Kenmerken:</strong></p>\n<ul>\n<li>Praktisch</li>\n<li>Lage prijs</li>\n<li>Mooi voor uw sleutelbos!</li>\n<li>Binnen 1-2 werkdagen in huis</li>\n<li>Afmetingen: 13 x 3 cm</li>\n<li>Materiaal: Stof</li>\n</ul>",,,taxable,,1,22,,0,0,,0,0,0,1,,,"6,95","Alles, Sleutelhangers","Auto, Borduren, Creatief, Fiets, Kwaliteit, Leuk, Motor, Scooter, Sleutelbos, Sleutelhanger",0-100gram,https://bikerfun.nl/wp-content/uploads/2023/10/variant_41964_2023-09-06.webp,,,,,,,,,0,,,,,152
1326,simple,6097353226274,,"Freedom Key Rood - Sleutelhanger - Motor - Scooter - Auto - Universeel - Accessoires",1,0,visible,,"<p>Op zoek naar een handige sleutelhanger voor je motor, auto, scooter of brommer? Deze sleutelhanger is perfect voor je sleutels. Gemaakt van stof met een verdikte rand en een lange afmeting, zorgt ervoor dat de sleutelhanger makkelijk uit je broekzak/jaszak te halen is, zelfs met handschoenen aan.</p>\n<p>Bovendien zijn de sleutelhangers voorzien van leuke en unieke teksten die ze extra speciaal maken. Er zijn diverse varianten beschikbaar, elk met een andere tekst. Neem dus zeker een kijkje bij de overige sleutelhangers om de perfecte keuze te vinden die bij jou past.</p>\n<p><strong>Kenmerken:</strong></p>\n<ul>\n<li>Praktisch</li>\n<li>Lage prijs</li>\n<li>Mooi voor uw sleutelbos!</li>\n<li>Binnen 1-2 werkdagen in huis</li>\n<li>Afmetingen: 13 x 3 cm</li>\n<li>Materiaal: Stof</li>\n</ul>",,,taxable,,1,25,,0,0,0,0,0,0,1,,,"6,95","Alles, Sleutelhangers","Auto, Borduren, Creatief, Fiets, Kwaliteit, Leuk, Motor, Scooter, Sleutelbos, Sleutelhanger",0-100gram,https://bikerfun.nl/wp-content/uploads/2023/10/variant_38100_2023-08-06.gif,,,,,,,,,0,,,,,250
1328,simple,6097727883898,,"Braap!! - Sleutelhanger - Motor - Scooter - Auto - Universeel - Accessoires",1,0,visible,,"<p>Op zoek naar een handige sleutelhanger voor je motor, auto, scooter of brommer? Deze sleutelhanger is perfect voor je sleutels. Gemaakt van stof met een verdikte rand en een lange afmeting, zorgt ervoor dat de sleutelhanger makkelijk uit je broekzak/jaszak te halen is, zelfs met handschoenen aan.</p>\n<p>Bovendien zijn de sleutelhangers voorzien van leuke en unieke teksten die ze extra speciaal maken. Er zijn diverse varianten beschikbaar, elk met een andere tekst. Neem dus zeker een kijkje bij de overige sleutelhangers om de perfecte keuze te vinden die bij jou past.</p>\n<p><strong>Kenmerken:</strong></p>\n<ul>\n<li>Praktisch</li>\n<li>Lage prijs</li>\n<li>Mooi voor uw sleutelbos!</li>\n<li>Binnen 1-2 werkdagen in huis</li>\n<li>Afmetingen: 13 x 3 cm</li>\n<li>Materiaal: Stof</li>\n</ul>",,,taxable,,1,4,,0,0,0,0,0,0,1,,,"6,95","Alles, Sleutelhangers","Auto, Borduren, Creatief, Fiets, Kwaliteit, Leuk, Motor, Scooter, Sleutelbos, Sleutelhanger",0-100gram,https://bikerfun.nl/wp-content/uploads/2023/10/variant_38111_2023-08-06.jpg,,,,,,,,,0,,,,,366
1330,simple,6097324614666,,"Turn To Arm - Sleutelhanger - Motor - Scooter - Auto - Universeel - Accessoires",1,0,visible,,"<p>Op zoek naar een handige sleutelhanger voor je motor, auto, scooter of brommer? Deze sleutelhanger is perfect voor je sleutels. Gemaakt van stof met een verdikte rand en een lange afmeting, zorgt ervoor dat de sleutelhanger makkelijk uit je broekzak/jaszak te halen is, zelfs met handschoenen aan.</p>\n<p>Bovendien zijn de sleutelhangers voorzien van leuke en unieke teksten die ze extra speciaal maken. Er zijn diverse varianten beschikbaar, elk met een andere tekst. Neem dus zeker een kijkje bij de overige sleutelhangers om de perfecte keuze te vinden die bij jou past.</p>\n<p><strong>Kenmerken:</strong></p>\n<ul>\n<li>Praktisch</li>\n<li>Lage prijs</li>\n<li>Mooi voor uw sleutelbos!</li>\n<li>Binnen 1-2 werkdagen in huis</li>\n<li>Afmetingen: 13 x 3 cm</li>\n<li>Materiaal: Stof</li>\n</ul>",,,taxable,,1,12,,0,0,0,0,0,0,1,,,"6,95","Alles, Sleutelhangers","Auto, Borduren, Creatief, Fiets, Kwaliteit, Leuk, Motor, Scooter, Sleutelbos, Sleutelhanger",0-100gram,https://bikerfun.nl/wp-content/uploads/2023/10/variant_38128_2023-08-06.webp,,,,,,,,,0,,,,,458
1332,simple,6097730842820,,"Follow Me (Geel) - Sleutelhanger - Motor - Scooter - Auto - Universeel - Accessoires",1,0,visible,,"<p>Op zoek naar een handige sleutelhanger voor je motor, auto, scooter of brommer? Deze sleutelhanger is perfect voor je sleutels. Gemaakt van stof met een verdikte rand en een lange afmeting, zorgt ervoor dat de sleutelhanger makkelijk uit je broekzak/jaszak te halen is, zelfs met handschoenen aan.</p>\n<p>Bovendien zijn de sleutelhangers voorzien van leuke en unieke teksten die ze extra speciaal maken. Er zijn diverse varianten beschikbaar, elk met een andere tekst. Neem dus zeker een kijkje bij de overige sleutelhangers om de perfecte keuze te vinden die bij jou past.</p>\n<p><strong>Kenmerken:</strong></p>\n<ul>\n<li>Praktisch</li>\n<li>Lage prijs</li>\n<li>Mooi voor uw sleutelbos!</li>\n<li>Binnen 1-2 werkdagen in huis</li>\n<li>Afmetingen: 13 x 3 cm</li>\n<li>Materiaal: Stof</li>\n</ul>",,,taxable,,1,5,,0,0,0,0,0,0,1,,,"6,95","Alles, Sleutelhangers","Auto, Borduren, Creatief, Fiets, Kwaliteit, Leuk, Motor, Scooter, Sleutelbos, Sleutelhanger",0-100gram,https://bikerfun.nl/wp-content/uploads/2023/10/variant_38108_2023-08-06.jpg,,,,,,,,,0,,,,,300
1334,simple,6097726286218,,"Danger - Sleutelhanger - Motor - Scooter - Auto - Universeel - Accessoires",1,0,visible,,"<p>Op zoek naar een handige sleutelhanger voor je motor, auto, scooter of brommer? Deze sleutelhanger is perfect voor je sleutels. Gemaakt van stof met een verdikte rand en een lange afmeting, zorgt ervoor dat de sleutelhanger makkelijk uit je broekzak/jaszak te halen is, zelfs met handschoenen aan.</p>\n<p>Bovendien zijn de sleutelhangers voorzien van leuke en unieke teksten die ze extra speciaal maken. Er zijn diverse varianten beschikbaar, elk met een andere tekst. Neem dus zeker een kijkje bij de overige sleutelhangers om de perfecte keuze te vinden die bij jou past.</p>\n<p><strong>Kenmerken:</strong></p>\n<ul>\n<li>Praktisch</li>\n<li>Lage prijs</li>\n<li>Mooi voor uw sleutelbos!</li>\n<li>Binnen 1-2 werkdagen in huis</li>\n<li>Afmetingen: 13 x 3 cm</li>\n<li>Materiaal: Stof</li>\n</ul>",,,taxable,,1,2,,0,0,,0,0,0,1,,,"6,95","Alles, Sleutelhangers","Auto, Borduren, Creatief, Fiets, Kwaliteit, Leuk, Motor, Scooter, Sleutelbos, Sleutelhanger",0-100gram,https://bikerfun.nl/wp-content/uploads/2023/10/variant_40349_2023-08-06.webp,,,,,,,,,0,,,,,231
1336,simple,6097606936974,,"I Love Flying - Sleutelhanger - Motor - Scooter - Auto - Universeel - Accessoires",1,0,visible,,"<p>Op zoek naar een handige sleutelhanger voor je motor, auto, scooter of brommer? Deze sleutelhanger is perfect voor je sleutels. Gemaakt van stof met een verdikte rand en een lange afmeting, zorgt ervoor dat de sleutelhanger makkelijk uit je broekzak/jaszak te halen is, zelfs met handschoenen aan.</p>\n<p>Bovendien zijn de sleutelhangers voorzien van leuke en unieke teksten die ze extra speciaal maken. Er zijn diverse varianten beschikbaar, elk met een andere tekst. Neem dus zeker een kijkje bij de overige sleutelhangers om de perfecte keuze te vinden die bij jou past.</p>\n<p><strong>Kenmerken:</strong></p>\n<ul>\n<li>Praktisch</li>\n<li>Lage prijs</li>\n<li>Mooi voor uw sleutelbos!</li>\n<li>Binnen 1-2 werkdagen in huis</li>\n<li>Afmetingen: 13 x 3 cm</li>\n<li>Materiaal: Stof</li>\n</ul>",,,taxable,,1,4,,0,0,0,0,0,0,1,,,"6,95","Alles, Sleutelhangers","Auto, Borduren, Creatief, Fiets, Kwaliteit, Leuk, Motor, Scooter, Sleutelbos, Sleutelhanger",0-100gram,https://bikerfun.nl/wp-content/uploads/2023/10/variant_38096_2023-08-06.jpg,,,,,,,,,0,,,,default,295
1338,simple,6097755194126,,"Never Give Up - Sleutelhanger - Motor - Scooter - Auto - Universeel - Accessoires",1,0,visible,,"<p>Op zoek naar een handige sleutelhanger voor je motor, auto, scooter of brommer? Deze sleutelhanger is perfect voor je sleutels. Gemaakt van stof met een verdikte rand en een lange afmeting, zorgt ervoor dat de sleutelhanger makkelijk uit je broekzak/jaszak te halen is, zelfs met handschoenen aan.</p>\n<p>Bovendien zijn de sleutelhangers voorzien van leuke en unieke teksten die ze extra speciaal maken. Er zijn diverse varianten beschikbaar, elk met een andere tekst. Neem dus zeker een kijkje bij de overige sleutelhangers om de perfecte keuze te vinden die bij jou past.</p>\n<p><strong>Kenmerken:</strong></p>\n<ul>\n<li>Praktisch</li>\n<li>Lage prijs</li>\n<li>Mooi voor uw sleutelbos!</li>\n<li>Binnen 1-2 werkdagen in huis</li>\n<li>Afmetingen: 13 x 3 cm</li>\n<li>Materiaal: Stof</li>\n</ul>",,,taxable,,1,17,,0,0,0,0,0,0,1,,,"6,95","Alles, Sleutelhangers","Auto, Borduren, Creatief, Fiets, Kwaliteit, Leuk, Motor, Scooter, Sleutelbos, Sleutelhanger",0-100gram,https://bikerfun.nl/wp-content/uploads/2023/10/variant_38116_2023-08-06.jpg,,,,,,,,,0,,,,,146
1340,simple,6097338541590,,"Lane Splitter - Sleutelhanger - Motor - Scooter - Auto - Universeel - Accessoires",1,0,visible,,"<p>Op zoek naar een handige sleutelhanger voor je motor, auto, scooter of brommer? Deze sleutelhanger is perfect voor je sleutels. Gemaakt van stof met een verdikte rand en een lange afmeting, zorgt ervoor dat de sleutelhanger makkelijk uit je broekzak/jaszak te halen is, zelfs met handschoenen aan.</p>\n<p>Bovendien zijn de sleutelhangers voorzien van leuke en unieke teksten die ze extra speciaal maken. Er zijn diverse varianten beschikbaar, elk met een andere tekst. Neem dus zeker een kijkje bij de overige sleutelhangers om de perfecte keuze te vinden die bij jou past.</p>\n<p><strong>Kenmerken:</strong></p>\n<ul>\n<li>Praktisch</li>\n<li>Lage prijs</li>\n<li>Mooi voor uw sleutelbos!</li>\n<li>Binnen 1-2 werkdagen in huis</li>\n<li>Afmetingen: 13 x 3 cm</li>\n<li>Materiaal: Stof</li>\n</ul>",,,taxable,,1,9,,0,0,0,0,0,0,1,,,"6,95","Alles, Sleutelhangers","Auto, Borduren, Creatief, Fiets, Kwaliteit, Leuk, Motor, Scooter, Sleutelbos, Sleutelhanger",0-100gram,https://bikerfun.nl/wp-content/uploads/2023/10/variant_38129_2023-08-06.jpg,,,,,,,,,0,,,,,275
1342,simple,6097724122143,,"Motor Heartbeat Wit - Sleutelhanger - Motor - Scooter - Auto - Universeel - Accessoires",1,0,visible,,"<p>Op zoek naar een handige sleutelhanger voor je motor, auto, scooter of brommer? Deze sleutelhanger is perfect voor je sleutels. Gemaakt van stof met een verdikte rand en een lange afmeting, zorgt ervoor dat de sleutelhanger makkelijk uit je broekzak/jaszak te halen is, zelfs met handschoenen aan.</p>\n<p>Bovendien zijn de sleutelhangers voorzien van leuke en unieke teksten die ze extra speciaal maken. Er zijn diverse varianten beschikbaar, elk met een andere tekst. Neem dus zeker een kijkje bij de overige sleutelhangers om de perfecte keuze te vinden die bij jou past.</p>\n<p><strong>Kenmerken:</strong></p>\n<ul>\n<li>Praktisch</li>\n<li>Lage prijs</li>\n<li>Mooi voor uw sleutelbos!</li>\n<li>Binnen 1-2 werkdagen in huis</li>\n<li>Afmetingen: 13 x 3 cm</li>\n<li>Materiaal: Stof</li>\n</ul>",,,taxable,,1,23,,0,0,0,0,0,0,1,,,"6,95","Alles, Sleutelhangers","Auto, Borduren, Creatief, Fiets, Kwaliteit, Leuk, Motor, Scooter, Sleutelbos, Sleutelhanger",0-100gram,https://bikerfun.nl/wp-content/uploads/2023/10/variant_38136_2023-08-06.jpg,,,,,,,,,0,,,,,149
1344,simple,6097333521511,,"Ride Or Die - Sleutelhanger - Motor - Scooter - Auto - Universeel - Accessoires",1,0,visible,,"<p>Op zoek naar een handige sleutelhanger voor je motor, auto, scooter of brommer? Deze sleutelhanger is perfect voor je sleutels. Gemaakt van stof met een verdikte rand en een lange afmeting, zorgt ervoor dat de sleutelhanger makkelijk uit je broekzak/jaszak te halen is, zelfs met handschoenen aan.</p>\n<p>Bovendien zijn de sleutelhangers voorzien van leuke en unieke teksten die ze extra speciaal maken. Er zijn diverse varianten beschikbaar, elk met een andere tekst. Neem dus zeker een kijkje bij de overige sleutelhangers om de perfecte keuze te vinden die bij jou past.</p>\n<p><strong>Kenmerken:</strong></p>\n<ul>\n<li>Praktisch</li>\n<li>Lage prijs</li>\n<li>Mooi voor uw sleutelbos!</li>\n<li>Binnen 1-2 werkdagen in huis</li>\n<li>Afmetingen: 13 x 3 cm</li>\n<li>Materiaal: Stof</li>\n</ul>",,,taxable,,1,16,,0,0,0,0,0,0,1,,,"6,95","Alles, Sleutelhangers","Auto, Borduren, Creatief, Fiets, Kwaliteit, Leuk, Motor, Scooter, Sleutelbos, Sleutelhanger",0-100gram,https://bikerfun.nl/wp-content/uploads/2023/10/variant_38121_2023-08-06.jpg,,,,,,,,,0,,,,,166
1346,simple,6097725118176,,"Real Man Like Curves - Sleutelhanger - Motor - Scooter - Auto - Universeel - Accessoires",1,0,visible,,"<p>Op zoek naar een handige sleutelhanger voor je motor, auto, scooter of brommer? Deze sleutelhanger is perfect voor je sleutels. Gemaakt van stof met een verdikte rand en een lange afmeting, zorgt ervoor dat de sleutelhanger makkelijk uit je broekzak/jaszak te halen is, zelfs met handschoenen aan.</p>\n<p>Bovendien zijn de sleutelhangers voorzien van leuke en unieke teksten die ze extra speciaal maken. Er zijn diverse varianten beschikbaar, elk met een andere tekst. Neem dus zeker een kijkje bij de overige sleutelhangers om de perfecte keuze te vinden die bij jou past.</p>\n<p><strong>Kenmerken:</strong></p>\n<ul>\n<li>Praktisch</li>\n<li>Lage prijs</li>\n<li>Mooi voor uw sleutelbos!</li>\n<li>Binnen 1-2 werkdagen in huis</li>\n<li>Afmetingen: 13 x 3 cm</li>\n<li>Materiaal: Stof</li>\n</ul>",,,taxable,,1,24,,0,0,0,0,0,0,1,,,"6,95","Alles, Sleutelhangers","Auto, Borduren, Creatief, Fiets, Kwaliteit, Leuk, Motor, Scooter, Sleutelbos, Sleutelhanger",0-100gram,https://bikerfun.nl/wp-content/uploads/2023/10/variant_38114_2023-08-06.jpg,,,,,,,,,0,,,,,534
1348,simple,6097331319325,,"Not Today - Sleutelhanger - Motor - Scooter - Auto - Universeel - Accessoires",1,0,visible,,"<p>Op zoek naar een handige sleutelhanger voor je motor, auto, scooter of brommer? Deze sleutelhanger is perfect voor je sleutels. Gemaakt van stof met een verdikte rand en een lange afmeting, zorgt ervoor dat de sleutelhanger makkelijk uit je broekzak/jaszak te halen is, zelfs met handschoenen aan.</p>\n<p>Bovendien zijn de sleutelhangers voorzien van leuke en unieke teksten die ze extra speciaal maken. Er zijn diverse varianten beschikbaar, elk met een andere tekst. Neem dus zeker een kijkje bij de overige sleutelhangers om de perfecte keuze te vinden die bij jou past.</p>\n<p><strong>Kenmerken:</strong></p>\n<ul>\n<li>Praktisch</li>\n<li>Lage prijs</li>\n<li>Mooi voor uw sleutelbos!</li>\n<li>Binnen 1-2 werkdagen in huis</li>\n<li>Afmetingen: 13 x 3 cm</li>\n<li>Materiaal: Stof</li>\n</ul>",,,taxable,,1,21,,0,0,0,0,0,0,1,,,"6,95","Alles, Sleutelhangers","Auto, Borduren, Creatief, Fiets, Kwaliteit, Leuk, Motor, Scooter, Sleutelbos, Sleutelhanger",0-100gram,https://bikerfun.nl/wp-content/uploads/2023/10/variant_38123_2023-08-06.jpg,,,,,,,,,0,,,,,140
1350,simple,6097726353309,,"Reckless?! - Sleutelhanger - Motor - Scooter - Auto - Universeel - Accessoires",1,0,visible,,"<p>Op zoek naar een handige sleutelhanger voor je motor, auto, scooter of brommer? Deze sleutelhanger is perfect voor je sleutels. Gemaakt van stof met een verdikte rand en een lange afmeting, zorgt ervoor dat de sleutelhanger makkelijk uit je broekzak/jaszak te halen is, zelfs met handschoenen aan.</p>\n<p>Bovendien zijn de sleutelhangers voorzien van leuke en unieke teksten die ze extra speciaal maken. Er zijn diverse varianten beschikbaar, elk met een andere tekst. Neem dus zeker een kijkje bij de overige sleutelhangers om de perfecte keuze te vinden die bij jou past.</p>\n<p><strong>Kenmerken:</strong></p>\n<ul>\n<li>Praktisch</li>\n<li>Lage prijs</li>\n<li>Mooi voor uw sleutelbos!</li>\n<li>Binnen 1-2 werkdagen in huis</li>\n<li>Afmetingen: 13 x 3 cm</li>\n<li>Materiaal: Stof</li>\n</ul>",,,taxable,,1,22,,0,0,,0,0,0,1,,,"6,95","Alles, Sleutelhangers","Auto, Borduren, Creatief, Fiets, Kwaliteit, Leuk, Motor, Scooter, Sleutelbos, Sleutelhanger",0-100gram,https://bikerfun.nl/wp-content/uploads/2023/10/variant_41962_2023-09-06.png,,,,,,,,,0,,,,,165
1352,simple,6097720292277,,"Launch Key - Sleutelhanger - Motor - Scooter - Auto - Universeel - Accessoires",1,0,visible,,"<p>Op zoek naar een handige sleutelhanger voor je motor, auto, scooter of brommer? Deze sleutelhanger is perfect voor je sleutels. Gemaakt van stof met een verdikte rand en een lange afmeting, zorgt ervoor dat de sleutelhanger makkelijk uit je broekzak/jaszak te halen is, zelfs met handschoenen aan.</p>\n<p>Bovendien zijn de sleutelhangers voorzien van leuke en unieke teksten die ze extra speciaal maken. Er zijn diverse varianten beschikbaar, elk met een andere tekst. Neem dus zeker een kijkje bij de overige sleutelhangers om de perfecte keuze te vinden die bij jou past.</p>\n<p><strong>Kenmerken:</strong></p>\n<ul>\n<li>Praktisch</li>\n<li>Lage prijs</li>\n<li>Mooi voor uw sleutelbos!</li>\n<li>Binnen 1-2 werkdagen in huis</li>\n<li>Afmetingen: 13 x 3 cm</li>\n<li>Materiaal: Stof</li>\n</ul>",,,taxable,,1,13,,0,0,0,0,0,0,1,,,"6,95","Alles, Sleutelhangers","Auto, Borduren, Creatief, Fiets, Kwaliteit, Leuk, Motor, Scooter, Sleutelbos, Sleutelhanger",0-100gram,https://bikerfun.nl/wp-content/uploads/2023/10/variant_38106_2023-08-06.jpg,,,,,,,,,0,,,,,187
1354,simple,6097325593502,,"0-60 Eventually - Sleutelhanger - Motor - Scooter - Auto - Universeel - Accessoires",1,0,visible,,"Op zoek naar een handige sleutelhanger voor je motor, auto, scooter of brommer? Deze sleutelhanger is perfect voor je sleutels. Gemaakt van stof met een verdikte rand en een lange afmeting, zorgt ervoor dat de sleutelhanger makkelijk uit je broekzak/jaszak te halen is, zelfs met handschoenen aan.\n\nBovendien zijn de sleutelhangers voorzien van leuke en unieke teksten die ze extra speciaal maken. Er zijn diverse varianten beschikbaar, elk met een andere tekst. Neem dus zeker een kijkje bij de overige sleutelhangers om de perfecte keuze te vinden die bij jou past.\n\n<strong>Kenmerken:</strong>\n<ul>\n 	<li>Praktisch</li>\n 	<li>Lage prijs</li>\n 	<li>Mooi voor uw sleutelbos!</li>\n 	<li>Binnen 1-2 werkdagen in huis</li>\n 	<li>Afmetingen: 13 x 3 cm</li>\n 	<li>Materiaal: Stof</li>\n</ul>",,,taxable,,1,6,,0,0,0,0,0,0,1,,,"6,95","Alles, Sleutelhangers","Auto, Borduren, Creatief, Fiets, Kwaliteit, Leuk, Motor, Scooter, Sleutelbos, Sleutelhanger",0-100gram,https://bikerfun.nl/wp-content/uploads/2023/10/variant_38094_2023-08-06.webp,,,,,,,,,0,,,,default,271
1356,simple,6097334199146,,"Freedom Key Geel - Sleutelhanger - Motor - Scooter - Auto - Universeel - Accessoires",1,0,visible,,"<p>Op zoek naar een handige sleutelhanger voor je motor, auto, scooter of brommer? Deze sleutelhanger is perfect voor je sleutels. Gemaakt van stof met een verdikte rand en een lange afmeting, zorgt ervoor dat de sleutelhanger makkelijk uit je broekzak/jaszak te halen is, zelfs met handschoenen aan.</p>\n<p>Bovendien zijn de sleutelhangers voorzien van leuke en unieke teksten die ze extra speciaal maken. Er zijn diverse varianten beschikbaar, elk met een andere tekst. Neem dus zeker een kijkje bij de overige sleutelhangers om de perfecte keuze te vinden die bij jou past.</p>\n<p><strong>Kenmerken:</strong></p>\n<ul>\n<li>Praktisch</li>\n<li>Lage prijs</li>\n<li>Mooi voor uw sleutelbos!</li>\n<li>Binnen 1-2 werkdagen in huis</li>\n<li>Afmetingen: 13 x 3 cm</li>\n<li>Materiaal: Stof</li>\n</ul>",,,taxable,,1,13,,0,0,0,0,0,0,1,,,"6,95","Alles, Sleutelhangers","Auto, Borduren, Creatief, Fiets, Kwaliteit, Leuk, Motor, Scooter, Sleutelbos, Sleutelhanger",0-100gram,https://bikerfun.nl/wp-content/uploads/2023/10/variant_38135_2023-08-06.jpg,,,,,,,,,0,,,,,170
1358,simple,6097329687603,,"Warning If You Touch My Bike Serious Injurry Or Death May Occur - Sleutelhanger - Motor - Scooter - Auto - Universeel - Accessoires",1,0,visible,,"<p>Op zoek naar een handige sleutelhanger voor je motor, auto, scooter of brommer? Deze sleutelhanger is perfect voor je sleutels. Gemaakt van stof met een verdikte rand en een lange afmeting, zorgt ervoor dat de sleutelhanger makkelijk uit je broekzak/jaszak te halen is, zelfs met handschoenen aan.</p>\n<p>Bovendien zijn de sleutelhangers voorzien van leuke en unieke teksten die ze extra speciaal maken. Er zijn diverse varianten beschikbaar, elk met een andere tekst. Neem dus zeker een kijkje bij de overige sleutelhangers om de perfecte keuze te vinden die bij jou past.</p>\n<p><strong>Kenmerken:</strong></p>\n<ul>\n<li>Praktisch</li>\n<li>Lage prijs</li>\n<li>Mooi voor uw sleutelbos!</li>\n<li>Binnen 1-2 werkdagen in huis</li>\n<li>Afmetingen: 13 x 3 cm</li>\n<li>Materiaal: Stof</li>\n</ul>",,,taxable,,1,21,,0,0,0,0,0,0,1,,,"6,95","Alles, Sleutelhangers","Auto, Borduren, Creatief, Fiets, Kwaliteit, Leuk, Motor, Scooter, Sleutelbos, Sleutelhanger",0-100gram,https://bikerfun.nl/wp-content/uploads/2023/10/variant_38124_2023-08-06.jpg,,,,,,,,,0,,,,,211
1360,simple,6097333161199,,"Guardian Angel - Sleutelhanger - Motor - Scooter - Auto - Universeel - Accessoires",1,0,visible,,"<p>Op zoek naar een handige sleutelhanger voor je motor, auto, scooter of brommer? Deze sleutelhanger is perfect voor je sleutels. Gemaakt van stof met een verdikte rand en een lange afmeting, zorgt ervoor dat de sleutelhanger makkelijk uit je broekzak/jaszak te halen is, zelfs met handschoenen aan.</p>\n<p>Bovendien zijn de sleutelhangers voorzien van leuke en unieke teksten die ze extra speciaal maken. Er zijn diverse varianten beschikbaar, elk met een andere tekst. Neem dus zeker een kijkje bij de overige sleutelhangers om de perfecte keuze te vinden die bij jou past.</p>\n<p><strong>Kenmerken:</strong></p>\n<ul>\n<li>Praktisch</li>\n<li>Lage prijs</li>\n<li>Mooi voor uw sleutelbos!</li>\n<li>Binnen 1-2 werkdagen in huis</li>\n<li>Afmetingen: 13 x 3 cm</li>\n<li>Materiaal: Stof</li>\n</ul>",,,taxable,,1,26,,0,0,0,0,0,0,1,,,"6,95","Alles, Sleutelhangers","Auto, Borduren, Creatief, Fiets, Kwaliteit, Leuk, Motor, Scooter, Sleutelbos, Sleutelhanger",0-100gram,https://bikerfun.nl/wp-content/uploads/2023/10/variant_38095_2023-08-06.webp,,,,,,,,,0,,,,,251
1362,simple,6097600338347,,"My Therapist - Sleutelhanger - Motor - Scooter - Auto - Universeel - Accessoires",1,0,visible,,"<p>Op zoek naar een handige sleutelhanger voor je motor, auto, scooter of brommer? Deze sleutelhanger is perfect voor je sleutels. Gemaakt van stof met een verdikte rand en een lange afmeting, zorgt ervoor dat de sleutelhanger makkelijk uit je broekzak/jaszak te halen is, zelfs met handschoenen aan.</p>\n<p>Bovendien zijn de sleutelhangers voorzien van leuke en unieke teksten die ze extra speciaal maken. Er zijn diverse varianten beschikbaar, elk met een andere tekst. Neem dus zeker een kijkje bij de overige sleutelhangers om de perfecte keuze te vinden die bij jou past.</p>\n<p><strong>Kenmerken:</strong></p>\n<ul>\n<li>Praktisch</li>\n<li>Lage prijs</li>\n<li>Mooi voor uw sleutelbos!</li>\n<li>Binnen 1-2 werkdagen in huis</li>\n<li>Afmetingen: 13 x 3 cm</li>\n<li>Materiaal: Stof</li>\n</ul>",,,taxable,,1,27,,0,0,,0,0,0,1,,,"6,95","Alles, Sleutelhangers","Auto, Borduren, Creatief, Fiets, Kwaliteit, Leuk, Motor, Scooter, Sleutelbos, Sleutelhanger",0-100gram,https://bikerfun.nl/wp-content/uploads/2023/10/variant_52279_2023-10-10.png,,,,,,,,,0,,,,,316
1364,simple,6097726784790,,"1 N 2 3 4 5 6 - Sleutelhanger - Motor - Scooter - Auto - Universeel - Accessoires",1,0,visible,,"<p>Op zoek naar een handige sleutelhanger voor je motor, auto, scooter of brommer? Deze sleutelhanger is perfect voor je sleutels. Gemaakt van stof met een verdikte rand en een lange afmeting, zorgt ervoor dat de sleutelhanger makkelijk uit je broekzak/jaszak te halen is, zelfs met handschoenen aan.</p>\n<p>Bovendien zijn de sleutelhangers voorzien van leuke en unieke teksten die ze extra speciaal maken. Er zijn diverse varianten beschikbaar, elk met een andere tekst. Neem dus zeker een kijkje bij de overige sleutelhangers om de perfecte keuze te vinden die bij jou past.</p>\n<p><strong>Kenmerken:</strong></p>\n<ul>\n<li>Praktisch</li>\n<li>Lage prijs</li>\n<li>Mooi voor uw sleutelbos!</li>\n<li>Binnen 1-2 werkdagen in huis</li>\n<li>Afmetingen: 13 x 3 cm</li>\n<li>Materiaal: Stof</li>\n</ul>",,,taxable,,1,10,,0,0,,0,0,0,1,,,"6,95","Alles, Sleutelhangers","Auto, Borduren, Creatief, Fiets, Kwaliteit, Leuk, Motor, Scooter, Sleutelbos, Sleutelhanger",0-100gram,https://bikerfun.nl/wp-content/uploads/2023/10/variant_41967_2023-09-06.webp,,,,,,,,,0,,,,,237
1366,simple,6097756548546,,"Rescue - Sleutelhanger - Motor - Scooter - Auto - Universeel - Accessoires",1,0,visible,,"<p>Op zoek naar een handige sleutelhanger voor je motor, auto, scooter of brommer? Deze sleutelhanger is perfect voor je sleutels. Gemaakt van stof met een verdikte rand en een lange afmeting, zorgt ervoor dat de sleutelhanger makkelijk uit je broekzak/jaszak te halen is, zelfs met handschoenen aan.</p>\n<p>Bovendien zijn de sleutelhangers voorzien van leuke en unieke teksten die ze extra speciaal maken. Er zijn diverse varianten beschikbaar, elk met een andere tekst. Neem dus zeker een kijkje bij de overige sleutelhangers om de perfecte keuze te vinden die bij jou past.</p>\n<p><strong>Kenmerken:</strong></p>\n<ul>\n<li>Praktisch</li>\n<li>Lage prijs</li>\n<li>Mooi voor uw sleutelbos!</li>\n<li>Binnen 1-2 werkdagen in huis</li>\n<li>Afmetingen: 13 x 3 cm</li>\n<li>Materiaal: Stof</li>\n</ul>",,,taxable,,1,4,,0,0,,0,0,0,1,,,"6,95","Alles, Sleutelhangers","Auto, Borduren, Creatief, Fiets, Kwaliteit, Leuk, Motor, Scooter, Sleutelbos, Sleutelhanger",0-100gram,https://bikerfun.nl/wp-content/uploads/2023/10/variant_40348_2023-08-06.jpg,,,,,,,,,0,,,,,158
1368,simple,6097725557562,,"FAST AS FUCK - Sleutelhanger - Motor - Scooter - Auto - Universeel - Accessoires",1,0,visible,,"<p>Op zoek naar een handige sleutelhanger voor je motor, auto, scooter of brommer? Deze sleutelhanger is perfect voor je sleutels. Gemaakt van stof met een verdikte rand en een lange afmeting, zorgt ervoor dat de sleutelhanger makkelijk uit je broekzak/jaszak te halen is, zelfs met handschoenen aan.</p>\n<p>Bovendien zijn de sleutelhangers voorzien van leuke en unieke teksten die ze extra speciaal maken. Er zijn diverse varianten beschikbaar, elk met een andere tekst. Neem dus zeker een kijkje bij de overige sleutelhangers om de perfecte keuze te vinden die bij jou past.</p>\n<p><strong>Kenmerken:</strong></p>\n<ul>\n<li>Praktisch</li>\n<li>Lage prijs</li>\n<li>Mooi voor uw sleutelbos!</li>\n<li>Binnen 1-2 werkdagen in huis</li>\n<li>Afmetingen: 13 x 3 cm</li>\n<li>Materiaal: Stof</li>\n</ul>",,,taxable,,1,25,,0,0,,0,0,0,1,,,"6,95","Alles, Sleutelhangers","Auto, Borduren, Creatief, Fiets, Kwaliteit, Leuk, Motor, Scooter, Sleutelbos, Sleutelhanger",0-100gram,https://bikerfun.nl/wp-content/uploads/2023/10/variant_41970_2023-09-06.webp,,,,,,,,,0,,,,,196
1370,simple,6097718499404,,"Dangerous Machine - Sleutelhanger - Motor - Scooter - Auto - Universeel - Accessoires",1,0,visible,,"<p>Op zoek naar een handige sleutelhanger voor je motor, auto, scooter of brommer? Deze sleutelhanger is perfect voor je sleutels. Gemaakt van stof met een verdikte rand en een lange afmeting, zorgt ervoor dat de sleutelhanger makkelijk uit je broekzak/jaszak te halen is, zelfs met handschoenen aan.</p>\n<p>Bovendien zijn de sleutelhangers voorzien van leuke en unieke teksten die ze extra speciaal maken. Er zijn diverse varianten beschikbaar, elk met een andere tekst. Neem dus zeker een kijkje bij de overige sleutelhangers om de perfecte keuze te vinden die bij jou past.</p>\n<p><strong>Kenmerken:</strong></p>\n<ul>\n<li>Praktisch</li>\n<li>Lage prijs</li>\n<li>Mooi voor uw sleutelbos!</li>\n<li>Binnen 1-2 werkdagen in huis</li>\n<li>Afmetingen: 13 x 3 cm</li>\n<li>Materiaal: Stof</li>\n</ul>",,,taxable,,1,25,,0,0,0,0,0,0,1,,,"6,95","Alles, Sleutelhangers","Auto, Borduren, Creatief, Fiets, Kwaliteit, Leuk, Motor, Scooter, Sleutelbos, Sleutelhanger",0-100gram,https://bikerfun.nl/wp-content/uploads/2023/10/variant_38103_2023-08-06.png,,,,,,,,,0,,,,,345
1372,simple,6097604854843,,"Pilot Fly Safe I Need You Here - Sleutelhanger - Motor - Scooter - Auto - Universeel - Accessoires",1,0,visible,,"<p>Op zoek naar een handige sleutelhanger voor je motor, auto, scooter of brommer? Deze sleutelhanger is perfect voor je sleutels. Gemaakt van stof met een verdikte rand en een lange afmeting, zorgt ervoor dat de sleutelhanger makkelijk uit je broekzak/jaszak te halen is, zelfs met handschoenen aan.</p>\n<p>Bovendien zijn de sleutelhangers voorzien van leuke en unieke teksten die ze extra speciaal maken. Er zijn diverse varianten beschikbaar, elk met een andere tekst. Neem dus zeker een kijkje bij de overige sleutelhangers om de perfecte keuze te vinden die bij jou past.</p>\n<p><strong>Kenmerken:</strong></p>\n<ul>\n<li>Praktisch</li>\n<li>Lage prijs</li>\n<li>Mooi voor uw sleutelbos!</li>\n<li>Binnen 1-2 werkdagen in huis</li>\n<li>Afmetingen: 13 x 3 cm</li>\n<li>Materiaal: Stof</li>\n</ul>",,,taxable,,0,0,,0,0,,0,0,0,1,,,"6,95","Alles, Sleutelhangers","Auto, Borduren, Creatief, Fiets, Kwaliteit, Leuk, Motor, Scooter, Sleutelbos, Sleutelhanger",0-100gram,https://bikerfun.nl/wp-content/uploads/2023/10/variant_43871_2023-09-16.jpg,,,,,,,,,0,,,,,280
1374,simple,6097726871896,,"Kiss Me Before Flight (Roze) - Sleutelhanger - Motor - Scooter - Auto - Universeel - Accessoires",1,0,visible,,"<p>Op zoek naar een handige sleutelhanger voor je motor, auto, scooter of brommer? Deze sleutelhanger is perfect voor je sleutels. Gemaakt van stof met een verdikte rand en een lange afmeting, zorgt ervoor dat de sleutelhanger makkelijk uit je broekzak/jaszak te halen is, zelfs met handschoenen aan.</p>\n<p>Bovendien zijn de sleutelhangers voorzien van leuke en unieke teksten die ze extra speciaal maken. Er zijn diverse varianten beschikbaar, elk met een andere tekst. Neem dus zeker een kijkje bij de overige sleutelhangers om de perfecte keuze te vinden die bij jou past.</p>\n<p><strong>Kenmerken:</strong></p>\n<ul>\n<li>Praktisch</li>\n<li>Lage prijs</li>\n<li>Mooi voor uw sleutelbos!</li>\n<li>Binnen 1-2 werkdagen in huis</li>\n<li>Afmetingen: 13 x 3 cm</li>\n<li>Materiaal: Stof</li>\n</ul>",,,taxable,,1,29,,0,0,0,0,0,0,1,,,"6,95","Alles, Sleutelhangers","Auto, Borduren, Creatief, Fiets, Kwaliteit, Leuk, Motor, Scooter, Sleutelbos, Sleutelhanger",0-100gram,https://bikerfun.nl/wp-content/uploads/2023/10/variant_38102_2023-08-06.jpeg,,,,,,,,,0,,,,,173
1376,simple,6097324874893,,"Ride To Live, Live To Ride - Sleutelhanger - Motor - Scooter - Auto - Universeel - Accessoires",1,0,visible,"Levertijd 1-3 werkdagen","<p>Op zoek naar een handige sleutelhanger voor je motor, auto, scooter of brommer? Deze sleutelhanger is perfect voor je sleutels. Gemaakt van stof met een verdikte rand en een lange afmeting, zorgt ervoor dat de sleutelhanger makkelijk uit je broekzak/jaszak te halen is, zelfs met handschoenen aan.</p>\n<p>Bovendien zijn de sleutelhangers voorzien van leuke en unieke teksten die ze extra speciaal maken. Er zijn diverse varianten beschikbaar, elk met een andere tekst. Neem dus zeker een kijkje bij de overige sleutelhangers om de perfecte keuze te vinden die bij jou past.</p>\n<p><strong>Kenmerken:</strong></p>\n<ul>\n<li>Praktisch</li>\n<li>Lage prijs</li>\n<li>Mooi voor uw sleutelbos!</li>\n<li>Binnen 1-2 werkdagen in huis</li>\n<li>Afmetingen: 13 x 3 cm</li>\n<li>Materiaal: Stof</li>\n</ul>",,,taxable,,1,19,,0,0,0,0,0,0,1,,,"6,95","Alles, Sleutelhangers","Auto, Borduren, Creatief, Fiets, Kwaliteit, Leuk, Motor, Scooter, Sleutelbos, Sleutelhanger",0-100gram,https://bikerfun.nl/wp-content/uploads/2023/10/ridetolive.jpg,,,,,,,,,0,,,,,139
1378,simple,6097725593560,,"Kiss Me Before Flight (Rood) - Sleutelhanger - Motor - Scooter - Auto - Universeel - Accessoires",1,0,visible,,"<p>Op zoek naar een handige sleutelhanger voor je motor, auto, scooter of brommer? Deze sleutelhanger is perfect voor je sleutels. Gemaakt van stof met een verdikte rand en een lange afmeting, zorgt ervoor dat de sleutelhanger makkelijk uit je broekzak/jaszak te halen is, zelfs met handschoenen aan.</p>\n<p>Bovendien zijn de sleutelhangers voorzien van leuke en unieke teksten die ze extra speciaal maken. Er zijn diverse varianten beschikbaar, elk met een andere tekst. Neem dus zeker een kijkje bij de overige sleutelhangers om de perfecte keuze te vinden die bij jou past.</p>\n<p><strong>Kenmerken:</strong></p>\n<ul>\n<li>Praktisch</li>\n<li>Lage prijs</li>\n<li>Mooi voor uw sleutelbos!</li>\n<li>Binnen 1-2 werkdagen in huis</li>\n<li>Afmetingen: 13 x 3 cm</li>\n<li>Materiaal: Stof</li>\n</ul>",,,taxable,,1,26,,0,0,0,0,0,0,1,,,"6,95","Alles, Sleutelhangers","Auto, Borduren, Creatief, Fiets, Kwaliteit, Leuk, Motor, Scooter, Sleutelbos, Sleutelhanger",0-100gram,https://bikerfun.nl/wp-content/uploads/2023/10/variant_38101_2023-08-06.jpg,,,,,,,,,0,,,,,171
1380,simple,6097324498433,,"Drop A Gear And Disappear - Sleutelhanger - Motor - Scooter - Auto - Universeel - Accessoires",1,0,visible,,"<p>Op zoek naar een handige sleutelhanger voor je motor, auto, scooter of brommer? Deze sleutelhanger is perfect voor je sleutels. Gemaakt van stof met een verdikte rand en een lange afmeting, zorgt ervoor dat de sleutelhanger makkelijk uit je broekzak/jaszak te halen is, zelfs met handschoenen aan.</p>\n<p>Bovendien zijn de sleutelhangers voorzien van leuke en unieke teksten die ze extra speciaal maken. Er zijn diverse varianten beschikbaar, elk met een andere tekst. Neem dus zeker een kijkje bij de overige sleutelhangers om de perfecte keuze te vinden die bij jou past.</p>\n<p><strong>Kenmerken:</strong></p>\n<ul>\n<li>Praktisch</li>\n<li>Lage prijs</li>\n<li>Mooi voor uw sleutelbos!</li>\n<li>Binnen 1-2 werkdagen in huis</li>\n<li>Afmetingen: 13 x 3 cm</li>\n<li>Materiaal: Stof</li>\n</ul>",,,taxable,,1,23,,0,0,0,0,0,0,1,,,"6,95","Alles, Sleutelhangers","Auto, Borduren, Creatief, Fiets, Kwaliteit, Leuk, Motor, Scooter, Sleutelbos, Sleutelhanger",0-100gram,https://bikerfun.nl/wp-content/uploads/2023/10/variant_38125_2023-08-06.jpg,,,,,,,,,0,,,,,314
1382,simple,6097730682679,,"Key To Happiness Rood - Sleutelhanger - Motor - Scooter - Auto - Universeel - Accessoires",1,0,visible,,"<p>Op zoek naar een handige sleutelhanger voor je motor, auto, scooter of brommer? Deze sleutelhanger is perfect voor je sleutels. Gemaakt van stof met een verdikte rand en een lange afmeting, zorgt ervoor dat de sleutelhanger makkelijk uit je broekzak/jaszak te halen is, zelfs met handschoenen aan.</p>\n<p>Bovendien zijn de sleutelhangers voorzien van leuke en unieke teksten die ze extra speciaal maken. Er zijn diverse varianten beschikbaar, elk met een andere tekst. Neem dus zeker een kijkje bij de overige sleutelhangers om de perfecte keuze te vinden die bij jou past.</p>\n<p><strong>Kenmerken:</strong></p>\n<ul>\n<li>Praktisch</li>\n<li>Lage prijs</li>\n<li>Mooi voor uw sleutelbos!</li>\n<li>Binnen 1-2 werkdagen in huis</li>\n<li>Afmetingen: 13 x 3 cm</li>\n<li>Materiaal: Stof</li>\n</ul>",,,taxable,,1,20,,0,0,0,0,0,0,1,,,"6,95","Alles, Sleutelhangers","Auto, Borduren, Creatief, Fiets, Kwaliteit, Leuk, Motor, Scooter, Sleutelbos, Sleutelhanger",0-100gram,https://bikerfun.nl/wp-content/uploads/2023/10/variant_38105_2023-08-06.jpg,,,,,,,,,0,,,,,352
1384,simple,6097717594582,,"Insert Before Flight - Sleutelhanger - Motor - Scooter - Auto - Universeel - Accessoires",1,0,visible,,"<p>Op zoek naar een handige sleutelhanger voor je motor, auto, scooter of brommer? Deze sleutelhanger is perfect voor je sleutels. Gemaakt van stof met een verdikte rand en een lange afmeting, zorgt ervoor dat de sleutelhanger makkelijk uit je broekzak/jaszak te halen is, zelfs met handschoenen aan.</p>\n<p>Bovendien zijn de sleutelhangers voorzien van leuke en unieke teksten die ze extra speciaal maken. Er zijn diverse varianten beschikbaar, elk met een andere tekst. Neem dus zeker een kijkje bij de overige sleutelhangers om de perfecte keuze te vinden die bij jou past.</p>\n<p><strong>Kenmerken:</strong></p>\n<ul>\n<li>Praktisch</li>\n<li>Lage prijs</li>\n<li>Mooi voor uw sleutelbos!</li>\n<li>Binnen 1-2 werkdagen in huis</li>\n<li>Afmetingen: 13 x 3 cm</li>\n<li>Materiaal: Stof</li>\n</ul>",,,taxable,,1,25,,0,0,0,0,0,0,1,,,"6,95","Alles, Sleutelhangers","Auto, Borduren, Creatief, Fiets, Kwaliteit, Leuk, Motor, Scooter, Sleutelbos, Sleutelhanger",0-100gram,https://bikerfun.nl/wp-content/uploads/2023/10/variant_38132_2023-08-06.jpg,,,,,,,,,0,,,,,342
1386,simple,6097719764709,,"Organ Donor - Sleutelhanger - Motor - Scooter - Auto - Universeel - Accessoires",1,0,visible,,"<p>Op zoek naar een handige sleutelhanger voor je motor, auto, scooter of brommer? Deze sleutelhanger is perfect voor je sleutels. Gemaakt van stof met een verdikte rand en een lange afmeting, zorgt ervoor dat de sleutelhanger makkelijk uit je broekzak/jaszak te halen is, zelfs met handschoenen aan.</p>\n<p>Bovendien zijn de sleutelhangers voorzien van leuke en unieke teksten die ze extra speciaal maken. Er zijn diverse varianten beschikbaar, elk met een andere tekst. Neem dus zeker een kijkje bij de overige sleutelhangers om de perfecte keuze te vinden die bij jou past.</p>\n<p><strong>Kenmerken:</strong></p>\n<ul>\n<li>Praktisch</li>\n<li>Lage prijs</li>\n<li>Mooi voor uw sleutelbos!</li>\n<li>Binnen 1-2 werkdagen in huis</li>\n<li>Afmetingen: 13 x 3 cm</li>\n<li>Materiaal: Stof</li>\n</ul>",,,taxable,,1,10,,0,0,0,0,0,0,1,,,"6,95","Alles, Sleutelhangers","Auto, Borduren, Creatief, Fiets, Kwaliteit, Leuk, Motor, Scooter, Sleutelbos, Sleutelhanger",0-100gram,https://bikerfun.nl/wp-content/uploads/2023/10/variant_38104_2023-08-06.jpg,,,,,,,,,0,,,,,359
1388,simple,6097730076058,,"Follow Your Dreams - Sleutelhanger - Motor - Scooter - Auto - Universeel - Accessoires",1,0,visible,,"<p>Op zoek naar een handige sleutelhanger voor je motor, auto, scooter of brommer? Deze sleutelhanger is perfect voor je sleutels. Gemaakt van stof met een verdikte rand en een lange afmeting, zorgt ervoor dat de sleutelhanger makkelijk uit je broekzak/jaszak te halen is, zelfs met handschoenen aan.</p>\n<p>Bovendien zijn de sleutelhangers voorzien van leuke en unieke teksten die ze extra speciaal maken. Er zijn diverse varianten beschikbaar, elk met een andere tekst. Neem dus zeker een kijkje bij de overige sleutelhangers om de perfecte keuze te vinden die bij jou past.</p>\n<p><strong>Kenmerken:</strong></p>\n<ul>\n<li>Praktisch</li>\n<li>Lage prijs</li>\n<li>Mooi voor uw sleutelbos!</li>\n<li>Binnen 1-2 werkdagen in huis</li>\n<li>Afmetingen: 13 x 3 cm</li>\n<li>Materiaal: Stof</li>\n</ul>",,,taxable,,1,8,,0,0,,0,0,0,1,,,"6,95","Alles, Sleutelhangers","Auto, Borduren, Creatief, Fiets, Kwaliteit, Leuk, Motor, Scooter, Sleutelbos, Sleutelhanger",0-100gram,https://bikerfun.nl/wp-content/uploads/2023/10/variant_41965_2023-09-06.jpg,,,,,,,,,0,,,,,295
1390,simple,6097736634696,,"FUCK OFF - Sleutelhanger - Motor - Scooter - Auto - Universeel - Accessoires",1,0,visible,,"<p>Op zoek naar een handige sleutelhanger voor je motor, auto, scooter of brommer? Deze sleutelhanger is perfect voor je sleutels. Gemaakt van stof met een verdikte rand en een lange afmeting, zorgt ervoor dat de sleutelhanger makkelijk uit je broekzak/jaszak te halen is, zelfs met handschoenen aan.</p>\n<p>Bovendien zijn de sleutelhangers voorzien van leuke en unieke teksten die ze extra speciaal maken. Er zijn diverse varianten beschikbaar, elk met een andere tekst. Neem dus zeker een kijkje bij de overige sleutelhangers om de perfecte keuze te vinden die bij jou past.</p>\n<p><strong>Kenmerken:</strong></p>\n<ul>\n<li>Praktisch</li>\n<li>Lage prijs</li>\n<li>Mooi voor uw sleutelbos!</li>\n<li>Binnen 1-2 werkdagen in huis</li>\n<li>Afmetingen: 13 x 3 cm</li>\n<li>Materiaal: Stof</li>\n</ul>",,,taxable,,1,20,,0,0,,0,0,0,1,,,"6,95","Alles, Sleutelhangers","Auto, Borduren, Creatief, Fiets, Kwaliteit, Leuk, Motor, Scooter, Sleutelbos, Sleutelhanger",0-100gram,https://bikerfun.nl/wp-content/uploads/2023/10/variant_41969_2023-09-06.jpg,,,,,,,,,0,,,,,214
1392,simple,6097719052028,,"Build Not Bought - Sleutelhanger - Motor - Scooter - Auto - Universeel - Accessoires",1,0,visible,,"<p>Op zoek naar een handige sleutelhanger voor je motor, auto, scooter of brommer? Deze sleutelhanger is perfect voor je sleutels. Gemaakt van stof met een verdikte rand en een lange afmeting, zorgt ervoor dat de sleutelhanger makkelijk uit je broekzak/jaszak te halen is, zelfs met handschoenen aan.</p>\n<p>Bovendien zijn de sleutelhangers voorzien van leuke en unieke teksten die ze extra speciaal maken. Er zijn diverse varianten beschikbaar, elk met een andere tekst. Neem dus zeker een kijkje bij de overige sleutelhangers om de perfecte keuze te vinden die bij jou past.</p>\n<p><strong>Kenmerken:</strong></p>\n<ul>\n<li>Praktisch</li>\n<li>Lage prijs</li>\n<li>Mooi voor uw sleutelbos!</li>\n<li>Binnen 1-2 werkdagen in huis</li>\n<li>Afmetingen: 13 x 3 cm</li>\n<li>Materiaal: Stof</li>\n</ul>",,,taxable,,1,11,,0,0,0,0,0,0,1,,,"6,95","Alles, Sleutelhangers","Auto, Borduren, Creatief, Fiets, Kwaliteit, Leuk, Motor, Scooter, Sleutelbos, Sleutelhanger",0-100gram,https://bikerfun.nl/wp-content/uploads/2023/10/variant_38119_2023-08-06.png,,,,,,,,,0,,,,,430
1394,simple,6097734138141,,"Panty Dropper - Sleutelhanger - Motor - Scooter - Auto - Universeel - Accessoires",1,0,visible,,"<p>Op zoek naar een handige sleutelhanger voor je motor, auto, scooter of brommer? Deze sleutelhanger is perfect voor je sleutels. Gemaakt van stof met een verdikte rand en een lange afmeting, zorgt ervoor dat de sleutelhanger makkelijk uit je broekzak/jaszak te halen is, zelfs met handschoenen aan.</p>\n<p>Bovendien zijn de sleutelhangers voorzien van leuke en unieke teksten die ze extra speciaal maken. Er zijn diverse varianten beschikbaar, elk met een andere tekst. Neem dus zeker een kijkje bij de overige sleutelhangers om de perfecte keuze te vinden die bij jou past.</p>\n<p><strong>Kenmerken:</strong></p>\n<ul>\n<li>Praktisch</li>\n<li>Lage prijs</li>\n<li>Mooi voor uw sleutelbos!</li>\n<li>Binnen 1-2 werkdagen in huis</li>\n<li>Afmetingen: 13 x 3 cm</li>\n<li>Materiaal: Stof</li>\n</ul>",,,taxable,,1,11,,0,0,0,0,0,0,1,,,"6,95","Alles, Sleutelhangers","Auto, Borduren, Creatief, Fiets, Kwaliteit, Leuk, Motor, Scooter, Sleutelbos, Sleutelhanger",0-100gram,https://bikerfun.nl/wp-content/uploads/2023/10/variant_38107_2023-08-06.jpg,,,,,,,,,0,,,,,403
1396,simple,6097323652645,,"If In Doubt Flat Out - Sleutelhanger - Motor - Scooter - Auto - Universeel - Accessoires",1,0,visible,,"<p>Op zoek naar een handige sleutelhanger voor je motor, auto, scooter of brommer? Deze sleutelhanger is perfect voor je sleutels. Gemaakt van stof met een verdikte rand en een lange afmeting, zorgt ervoor dat de sleutelhanger makkelijk uit je broekzak/jaszak te halen is, zelfs met handschoenen aan.</p>\n<p>Bovendien zijn de sleutelhangers voorzien van leuke en unieke teksten die ze extra speciaal maken. Er zijn diverse varianten beschikbaar, elk met een andere tekst. Neem dus zeker een kijkje bij de overige sleutelhangers om de perfecte keuze te vinden die bij jou past.</p>\n<p><strong>Kenmerken:</strong></p>\n<ul>\n<li>Praktisch</li>\n<li>Lage prijs</li>\n<li>Mooi voor uw sleutelbos!</li>\n<li>Binnen 1-2 werkdagen in huis</li>\n<li>Afmetingen: 13 x 3 cm</li>\n<li>Materiaal: Stof</li>\n</ul>",,,taxable,,1,15,,0,0,0,0,0,0,1,,,"6,95","Alles, Sleutelhangers","Auto, Borduren, Creatief, Fiets, Kwaliteit, Leuk, Motor, Scooter, Sleutelbos, Sleutelhanger",0-100gram,https://bikerfun.nl/wp-content/uploads/2023/10/variant_38109_2023-08-06.jpg,,,,,,,,,0,,,,,181
1398,simple,6097733326389,,"Ape To Bike - Sleutelhanger - Motor - Scooter - Auto - Universeel - Accessoires",1,0,visible,,"<p>Op zoek naar een handige sleutelhanger voor je motor, auto, scooter of brommer? Deze sleutelhanger is perfect voor je sleutels. Gemaakt van stof met een verdikte rand en een lange afmeting, zorgt ervoor dat de sleutelhanger makkelijk uit je broekzak/jaszak te halen is, zelfs met handschoenen aan.</p>\n<p>Bovendien zijn de sleutelhangers voorzien van leuke en unieke teksten die ze extra speciaal maken. Er zijn diverse varianten beschikbaar, elk met een andere tekst. Neem dus zeker een kijkje bij de overige sleutelhangers om de perfecte keuze te vinden die bij jou past.</p>\n<p><strong>Kenmerken:</strong></p>\n<ul>\n<li>Praktisch</li>\n<li>Lage prijs</li>\n<li>Mooi voor uw sleutelbos!</li>\n<li>Binnen 1-2 werkdagen in huis</li>\n<li>Afmetingen: 13 x 3 cm</li>\n<li>Materiaal: Stof</li>\n</ul>",,,taxable,,1,19,,0,0,,0,0,0,1,,,"6,95","Alles, Sleutelhangers","Auto, Borduren, Creatief, Fiets, Kwaliteit, Leuk, Motor, Scooter, Sleutelbos, Sleutelhanger",0-100gram,https://bikerfun.nl/wp-content/uploads/2023/10/variant_41961_2023-09-06.jpg,,,,,,,,,0,,,,,235
1400,simple,6097719620609,,"Insert Before Flight - Sleutelhanger - Motor - Scooter - Auto - Universeel - Accessoires",1,0,visible,,"<p>Op zoek naar een handige sleutelhanger voor je motor, auto, scooter of brommer? Deze sleutelhanger is perfect voor je sleutels. Gemaakt van stof met een verdikte rand en een lange afmeting, zorgt ervoor dat de sleutelhanger makkelijk uit je broekzak/jaszak te halen is, zelfs met handschoenen aan.</p>\n<p>Bovendien zijn de sleutelhangers voorzien van leuke en unieke teksten die ze extra speciaal maken. Er zijn diverse varianten beschikbaar, elk met een andere tekst. Neem dus zeker een kijkje bij de overige sleutelhangers om de perfecte keuze te vinden die bij jou past.</p>\n<p><strong>Kenmerken:</strong></p>\n<ul>\n<li>Praktisch</li>\n<li>Lage prijs</li>\n<li>Mooi voor uw sleutelbos!</li>\n<li>Binnen 1-2 werkdagen in huis</li>\n<li>Afmetingen: 13 x 3 cm</li>\n<li>Materiaal: Stof</li>\n</ul>",,,taxable,,1,42,,0,0,0,0,0,0,1,,,"6,95","Alles, Sleutelhangers","Auto, Borduren, Creatief, Fiets, Kwaliteit, Leuk, Motor, Scooter, Sleutelbos, Sleutelhanger",0-100gram,https://bikerfun.nl/wp-content/uploads/2023/10/variant_38113_2023-08-06.jpg,,,,,,,,,0,,,,,192
1402,simple,6097754869827,,"I love Sushi - Sleutelhanger - Motor - Scooter - Auto - Universeel - Accessoires",1,0,visible,,"<p>Op zoek naar een handige sleutelhanger voor je motor, auto, scooter of brommer? Deze sleutelhanger is perfect voor je sleutels. Gemaakt van stof met een verdikte rand en een lange afmeting, zorgt ervoor dat de sleutelhanger makkelijk uit je broekzak/jaszak te halen is, zelfs met handschoenen aan.</p>\n<p>Bovendien zijn de sleutelhangers voorzien van leuke en unieke teksten die ze extra speciaal maken. Er zijn diverse varianten beschikbaar, elk met een andere tekst. Neem dus zeker een kijkje bij de overige sleutelhangers om de perfecte keuze te vinden die bij jou past.</p>\n<p><strong>Kenmerken:</strong></p>\n<ul>\n<li>Praktisch</li>\n<li>Lage prijs</li>\n<li>Mooi voor uw sleutelbos!</li>\n<li>Binnen 1-2 werkdagen in huis</li>\n<li>Afmetingen: 13 x 3 cm</li>\n<li>Materiaal: Stof</li>\n</ul>",,,taxable,,1,6,,0,0,,0,0,0,1,,,"6,95","Alles, Sleutelhangers","Auto, Borduren, Creatief, Fiets, Kwaliteit, Leuk, Motor, Scooter, Sleutelbos, Sleutelhanger",0-100gram,https://bikerfun.nl/wp-content/uploads/2023/10/variant_41971_2023-09-06.jpg,,,,,,,,,0,,,,,317
1404,simple,6097720410497,,"Welcome Home - Sleutelhanger - Motor - Scooter - Auto - Universeel - Accessoires",1,0,visible,,"<p>Op zoek naar een handige sleutelhanger voor je motor, auto, scooter of brommer? Deze sleutelhanger is perfect voor je sleutels. Gemaakt van stof met een verdikte rand en een lange afmeting, zorgt ervoor dat de sleutelhanger makkelijk uit je broekzak/jaszak te halen is, zelfs met handschoenen aan.</p>\n<p>Bovendien zijn de sleutelhangers voorzien van leuke en unieke teksten die ze extra speciaal maken. Er zijn diverse varianten beschikbaar, elk met een andere tekst. Neem dus zeker een kijkje bij de overige sleutelhangers om de perfecte keuze te vinden die bij jou past.</p>\n<p><strong>Kenmerken:</strong></p>\n<ul>\n<li>Praktisch</li>\n<li>Lage prijs</li>\n<li>Mooi voor uw sleutelbos!</li>\n<li>Binnen 1-2 werkdagen in huis</li>\n<li>Afmetingen: 13 x 3 cm</li>\n<li>Materiaal: Stof</li>\n</ul>",,,taxable,,1,6,,0,0,0,0,0,0,1,,,"6,95","Alles, Sleutelhangers","Auto, Borduren, Creatief, Fiets, Kwaliteit, Leuk, Motor, Scooter, Sleutelbos, Sleutelhanger",0-100gram,https://bikerfun.nl/wp-content/uploads/2023/10/variant_38120_2023-08-06.png,,,,,,,,,0,,,,,164
1406,simple,6097342531518,,"Louder Than Your Mom Last Night!! - Sleutelhanger - Motor - Scooter - Auto - Universeel - Accessoires",1,0,visible,,"<p>Op zoek naar een handige sleutelhanger voor je motor, auto, scooter of brommer? Deze sleutelhanger is perfect voor je sleutels. Gemaakt van stof met een verdikte rand en een lange afmeting, zorgt ervoor dat de sleutelhanger makkelijk uit je broekzak/jaszak te halen is, zelfs met handschoenen aan.</p>\n<p>Bovendien zijn de sleutelhangers voorzien van leuke en unieke teksten die ze extra speciaal maken. Er zijn diverse varianten beschikbaar, elk met een andere tekst. Neem dus zeker een kijkje bij de overige sleutelhangers om de perfecte keuze te vinden die bij jou past.</p>\n<p><strong>Kenmerken:</strong></p>\n<ul>\n<li>Praktisch</li>\n<li>Lage prijs</li>\n<li>Mooi voor uw sleutelbos!</li>\n<li>Binnen 1-2 werkdagen in huis</li>\n<li>Afmetingen: 13 x 3 cm</li>\n<li>Materiaal: Stof</li>\n</ul>",,,taxable,,1,14,,0,0,0,0,0,0,1,,,"6,95","Alles, Sleutelhangers","Auto, Borduren, Creatief, Fiets, Kwaliteit, Leuk, Motor, Scooter, Sleutelbos, Sleutelhanger",0-100gram,https://bikerfun.nl/wp-content/uploads/2023/10/variant_38133_2023-08-06.jpg,,,,,,,,,0,,,,,253
1408,simple,6097345569525,,"Key to my heart - Sleutelhanger - Motor - Scooter - Auto - Universeel - Accessoires",1,0,visible,,"<p>Op zoek naar een handige sleutelhanger voor je motor, auto, scooter of brommer? Deze sleutelhanger is perfect voor je sleutels. Gemaakt van stof met een verdikte rand en een lange afmeting, zorgt ervoor dat de sleutelhanger makkelijk uit je broekzak/jaszak te halen is, zelfs met handschoenen aan.</p>\n<p>Bovendien zijn de sleutelhangers voorzien van leuke en unieke teksten die ze extra speciaal maken. Er zijn diverse varianten beschikbaar, elk met een andere tekst. Neem dus zeker een kijkje bij de overige sleutelhangers om de perfecte keuze te vinden die bij jou past.</p>\n<p><strong>Kenmerken:</strong></p>\n<ul>\n<li>Praktisch</li>\n<li>Lage prijs</li>\n<li>Mooi voor uw sleutelbos!</li>\n<li>Binnen 1-2 werkdagen in huis</li>\n<li>Afmetingen: 13 x 3 cm</li>\n<li>Materiaal: Stof</li>\n</ul>",,,taxable,,1,14,,0,0,0,0,0,0,1,,,"6,95","Alles, Sleutelhangers","Auto, Borduren, Creatief, Fiets, Kwaliteit, Leuk, Motor, Scooter, Sleutelbos, Sleutelhanger",0-100gram,https://bikerfun.nl/wp-content/uploads/2023/10/variant_38130_2023-08-06.jpg,,,,,,,,,0,,,,,303
1410,simple,6097719115143,,"But Did You Die? - Sleutelhanger - Motor - Scooter - Auto - Universeel - Accessoires",1,0,visible,,"<p>Op zoek naar een handige sleutelhanger voor je motor, auto, scooter of brommer? Deze sleutelhanger is perfect voor je sleutels. Gemaakt van stof met een verdikte rand en een lange afmeting, zorgt ervoor dat de sleutelhanger makkelijk uit je broekzak/jaszak te halen is, zelfs met handschoenen aan.</p>\n<p>Bovendien zijn de sleutelhangers voorzien van leuke en unieke teksten die ze extra speciaal maken. Er zijn diverse varianten beschikbaar, elk met een andere tekst. Neem dus zeker een kijkje bij de overige sleutelhangers om de perfecte keuze te vinden die bij jou past.</p>\n<p><strong>Kenmerken:</strong></p>\n<ul>\n<li>Praktisch</li>\n<li>Lage prijs</li>\n<li>Mooi voor uw sleutelbos!</li>\n<li>Binnen 1-2 werkdagen in huis</li>\n<li>Afmetingen: 13 x 3 cm</li>\n<li>Materiaal: Stof</li>\n</ul>",,,taxable,,1,22,,0,0,0,0,0,0,1,,,"6,95","Alles, Sleutelhangers","Auto, Borduren, Creatief, Fiets, Kwaliteit, Leuk, Motor, Scooter, Sleutelbos, Sleutelhanger",0-100gram,https://bikerfun.nl/wp-content/uploads/2023/10/variant_38131_2023-08-06.webp,,,,,,,,,0,,,,,386
1412,simple,6097718071013,,"Motor Heartbeat - Sleutelhanger - Motor - Scooter - Auto - Universeel - Accessoires",1,0,visible,,"<p>Op zoek naar een handige sleutelhanger voor je motor, auto, scooter of brommer? Deze sleutelhanger is perfect voor je sleutels. Gemaakt van stof met een verdikte rand en een lange afmeting, zorgt ervoor dat de sleutelhanger makkelijk uit je broekzak/jaszak te halen is, zelfs met handschoenen aan.</p>\n<p>Bovendien zijn de sleutelhangers voorzien van leuke en unieke teksten die ze extra speciaal maken. Er zijn diverse varianten beschikbaar, elk met een andere tekst. Neem dus zeker een kijkje bij de overige sleutelhangers om de perfecte keuze te vinden die bij jou past.</p>\n<p><strong>Kenmerken:</strong></p>\n<ul>\n<li>Praktisch</li>\n<li>Lage prijs</li>\n<li>Mooi voor uw sleutelbos!</li>\n<li>Binnen 1-2 werkdagen in huis</li>\n<li>Afmetingen: 13 x 3 cm</li>\n<li>Materiaal: Stof</li>\n</ul>",,,taxable,,1,23,,0,0,0,0,0,0,1,,,"6,95","Alles, Sleutelhangers","Auto, Borduren, Creatief, Fiets, Kwaliteit, Leuk, Motor, Scooter, Sleutelbos, Sleutelhanger",0-100gram,https://bikerfun.nl/wp-content/uploads/2023/10/variant_38118_2023-08-06.jpg,,,,,,,,,0,,,,,193
1414,simple,6097719145133,,"Ride Or Die - Sleutelhanger - Motor - Scooter - Auto - Universeel - Accessoires",1,0,visible,,"<p>Op zoek naar een handige sleutelhanger voor je motor, auto, scooter of brommer? Deze sleutelhanger is perfect voor je sleutels. Gemaakt van stof met een verdikte rand en een lange afmeting, zorgt ervoor dat de sleutelhanger makkelijk uit je broekzak/jaszak te halen is, zelfs met handschoenen aan.</p>\n<p>Bovendien zijn de sleutelhangers voorzien van leuke en unieke teksten die ze extra speciaal maken. Er zijn diverse varianten beschikbaar, elk met een andere tekst. Neem dus zeker een kijkje bij de overige sleutelhangers om de perfecte keuze te vinden die bij jou past.</p>\n<p><strong>Kenmerken:</strong></p>\n<ul>\n<li>Praktisch</li>\n<li>Lage prijs</li>\n<li>Mooi voor uw sleutelbos!</li>\n<li>Binnen 1-2 werkdagen in huis</li>\n<li>Afmetingen: 13 x 3 cm</li>\n<li>Materiaal: Stof</li>\n</ul>",,,taxable,,1,8,,0,0,0,0,0,0,1,,,"6,95","Alles, Sleutelhangers","Auto, Borduren, Creatief, Fiets, Kwaliteit, Leuk, Motor, Scooter, Sleutelbos, Sleutelhanger",0-100gram,https://bikerfun.nl/wp-content/uploads/2023/10/variant_38097_2023-08-06.jpg,,,,,,,,,0,,,,,458
1416,simple,6097717073032,,"Skulls - Sleutelhanger - Motor - Scooter - Auto - Universeel - Accessoires",1,0,visible,,"<p>Op zoek naar een handige sleutelhanger voor je motor, auto, scooter of brommer? Deze sleutelhanger is perfect voor je sleutels. Gemaakt van stof met een verdikte rand en een lange afmeting, zorgt ervoor dat de sleutelhanger makkelijk uit je broekzak/jaszak te halen is, zelfs met handschoenen aan.</p>\n<p>Bovendien zijn de sleutelhangers voorzien van leuke en unieke teksten die ze extra speciaal maken. Er zijn diverse varianten beschikbaar, elk met een andere tekst. Neem dus zeker een kijkje bij de overige sleutelhangers om de perfecte keuze te vinden die bij jou past.</p>\n<p><strong>Kenmerken:</strong></p>\n<ul>\n<li>Praktisch</li>\n<li>Lage prijs</li>\n<li>Mooi voor uw sleutelbos!</li>\n<li>Binnen 1-2 werkdagen in huis</li>\n<li>Afmetingen: 13 x 3 cm</li>\n<li>Materiaal: Stof</li>\n</ul>",,,taxable,,1,6,,0,0,,0,0,0,1,,,"6,95","Alles, Sleutelhangers","Auto, Borduren, Creatief, Fiets, Kwaliteit, Leuk, Motor, Scooter, Sleutelbos, Sleutelhanger",0-100gram,https://bikerfun.nl/wp-content/uploads/2023/10/variant_40351_2023-08-06.webp,,,,,,,,,0,,,,,473
1418,simple,6097327823829,,"Eat Sleep Ride Repeat - Sleutelhanger - Motor - Scooter - Auto - Universeel - Accessoires",1,0,visible,,"<p>Op zoek naar een handige sleutelhanger voor je motor, auto, scooter of brommer? Deze sleutelhanger is perfect voor je sleutels. Gemaakt van stof met een verdikte rand en een lange afmeting, zorgt ervoor dat de sleutelhanger makkelijk uit je broekzak/jaszak te halen is, zelfs met handschoenen aan.</p>\n<p>Bovendien zijn de sleutelhangers voorzien van leuke en unieke teksten die ze extra speciaal maken. Er zijn diverse varianten beschikbaar, elk met een andere tekst. Neem dus zeker een kijkje bij de overige sleutelhangers om de perfecte keuze te vinden die bij jou past.</p>\n<p><strong>Kenmerken:</strong></p>\n<ul>\n<li>Praktisch</li>\n<li>Lage prijs</li>\n<li>Mooi voor uw sleutelbos!</li>\n<li>Binnen 1-2 werkdagen in huis</li>\n<li>Afmetingen: 13 x 3 cm</li>\n<li>Materiaal: Stof</li>\n</ul>",,,taxable,,1,20,,0,0,0,0,0,0,1,,,"6,95","Alles, Sleutelhangers","Auto, Borduren, Creatief, Fiets, Kwaliteit, Leuk, Motor, Scooter, Sleutelbos, Sleutelhanger",0-100gram,https://bikerfun.nl/wp-content/uploads/2023/10/variant_38126_2023-08-06.webp,,,,,,,,,0,,,,,463
1420,simple,6097723373348,,"Pilot - Sleutelhanger - Motor - Scooter - Auto - Universeel - Accessoires",1,0,visible,,"<p>Op zoek naar een handige sleutelhanger voor je motor, auto, scooter of brommer? Deze sleutelhanger is perfect voor je sleutels. Gemaakt van stof met een verdikte rand en een lange afmeting, zorgt ervoor dat de sleutelhanger makkelijk uit je broekzak/jaszak te halen is, zelfs met handschoenen aan.</p>\n<p>Bovendien zijn de sleutelhangers voorzien van leuke en unieke teksten die ze extra speciaal maken. Er zijn diverse varianten beschikbaar, elk met een andere tekst. Neem dus zeker een kijkje bij de overige sleutelhangers om de perfecte keuze te vinden die bij jou past.</p>\n<p><strong>Kenmerken:</strong></p>\n<ul>\n<li>Praktisch</li>\n<li>Lage prijs</li>\n<li>Mooi voor uw sleutelbos!</li>\n<li>Binnen 1-2 werkdagen in huis</li>\n<li>Afmetingen: 13 x 3 cm</li>\n<li>Materiaal: Stof</li>\n</ul>",,,taxable,,0,0,,0,0,0,0,0,0,1,,,"6,95","Alles, Sleutelhangers","Auto, Borduren, Creatief, Fiets, Kwaliteit, Leuk, Motor, Scooter, Sleutelbos, Sleutelhanger",0-100gram,https://bikerfun.nl/wp-content/uploads/2023/10/variant_38115_2023-08-06.jpg,,,,,,,,,0,,,,,441
1422,simple,6097724282250,,"Key To Happiness - Sleutelhanger - Motor - Scooter - Auto - Universeel - Accessoires",1,0,visible,,"<p>Op zoek naar een handige sleutelhanger voor je motor, auto, scooter of brommer? Deze sleutelhanger is perfect voor je sleutels. Gemaakt van stof met een verdikte rand en een lange afmeting, zorgt ervoor dat de sleutelhanger makkelijk uit je broekzak/jaszak te halen is, zelfs met handschoenen aan.</p>\n<p>Bovendien zijn de sleutelhangers voorzien van leuke en unieke teksten die ze extra speciaal maken. Er zijn diverse varianten beschikbaar, elk met een andere tekst. Neem dus zeker een kijkje bij de overige sleutelhangers om de perfecte keuze te vinden die bij jou past.</p>\n<p><strong>Kenmerken:</strong></p>\n<ul>\n<li>Praktisch</li>\n<li>Lage prijs</li>\n<li>Mooi voor uw sleutelbos!</li>\n<li>Binnen 1-2 werkdagen in huis</li>\n<li>Afmetingen: 13 x 3 cm</li>\n<li>Materiaal: Stof</li>\n</ul>",,,taxable,,1,29,,0,0,0,0,0,0,1,,,"6,95","Alles, Sleutelhangers","Auto, Borduren, Creatief, Fiets, Kwaliteit, Leuk, Motor, Scooter, Sleutelbos, Sleutelhanger",0-100gram,https://bikerfun.nl/wp-content/uploads/2023/10/variant_38110_2023-08-06.jpg,,,,,,,,,0,,,,,555
1424,simple,6097603566556,,"Helm Kapstok",-1,0,visible,,<p><br></p>,,,taxable,,1,2,,0,0,,0,0,0,1,,,"0,00",Alles,,,https://bikerfun.nl/wp-content/uploads/2023/10/variant_45838_2023-09-24.jpg,,,,,,,,,0,,,,,
1937,simple,4,4,"Yamaha R6 Zwart, 32.000 tellerstand, gestelde kleppen, REMUS",0,0,hidden,,,,,taxable,nultarief,0,0,,0,0,,,,,1,,,7900,Motoren,"A2, Motoren, Supersports",,"https://bikerfun.nl/wp-content/uploads/2024/10/462395277_1083364913301321_1106463827244774151_n.jpg, https://bikerfun.nl/wp-content/uploads/2024/10/462395277_1083364913301321_1106463827244774151_n.jpg",,,,,,,,,0,,,,default,2
1961,simple,7,,"Yamaha R6 RJ03 - 08302",0,0,hidden,,,,,taxable,nultarief,0,0,,0,0,,,,,1,,,2500,Motoren,"Motoren, Supersports",,,,,,,,,,,0,,,,default,
1967,simple,8,,"Yamaha R6 RJ11 | 2006 | 35kw",1,0,visible,,"Bij deze in de verkoop. Een prachtige Yamaha R6 RJ11 uit 2006. De motor beschikt over A2 papieren (35kw) maar levert vol vermogen.\n\nDeze motor heeft 40000 kilometer gelopen en is uitgerust met veel extra’s:\n\n- Dominator demper\n- LED-koplampen\n- Carbon Fiber Tank Side Panels\n- Yamaha Carbon Chain Guard\n- Rode Remvloeistof leidingen\n- Verkort Kentekenplaathouder\n- GPCRONO Gear Indicator met shiftlight\n- Bar-end mirrors\n- Aftermarket koppeling hendel\n- Aftermarket voor rem hendel\n\nKwa onderhoud is het volgende gedaan:\n\n- Revisie voorvork poten\n- Controle distributieketting\n- Kleppen zijn gesteld\n- Vervangen en stellen nieuwe TPS sensor\n- Reinigen injectoren\n- Reinigen en stellen van de gaskleppen\n- Nieuwe bougies\n- Nieuwe radiateur en koelvloeistof\n- Nieuwe kroon plaat lagers\n\nJaarlijks oliebeurtje gehad en olie filter vervangen. Op deze motor is echt geen cent bespaard.\n\nWel heeft de motor optisch een paar gebruiker sporen.\n\nMotor wordt geleverd met drie maanden garantie voor extra zekerheid!\n\nLevering mogelijk in overleg.\n\nHeb je vragen of interesse? Stuur een bericht op WhatsApp of bel naar 06 15 45 21 08.\n\nMotor is te bezichtigen op <a tabindex=""0"" href=""https://www.google.com/maps/place//data=!4m2!3m1!1s0x47c0c76cc2c95f41:0xa1b0fb6d5bab5fc5?sa=X&amp;ved=1t:8290&amp;ictx=111"" data-url=""/maps/place//data=!4m2!3m1!1s0x47c0c76cc2c95f41:0xa1b0fb6d5bab5fc5?sa=X&amp;ved=2ahUKEwiGxd-itf-MAxVD2AIHHTc9BEMQ4kB6BAgWEAA"">Nijverheidsstraat, 6135 KJ Sittard</a>",,,taxable,nultarief,0,0,,0,0,,,,,1,,,6600,Motoren,"A2, Motoren, Supersports",,"https://bikerfun.nl/wp-content/uploads/2024/12/Yamaha-R6-ID-8-scaled.jpg, https://bikerfun.nl/wp-content/uploads/2024/12/IMG_9195-scaled.jpg, https://bikerfun.nl/wp-content/uploads/2024/12/IMG_9196-scaled.jpg, https://bikerfun.nl/wp-content/uploads/2024/12/IMG_9197-scaled.jpg, https://bikerfun.nl/wp-content/uploads/2024/12/IMG_9198-scaled.jpg, https://bikerfun.nl/wp-content/uploads/2024/12/IMG_9199-scaled.jpg, https://bikerfun.nl/wp-content/uploads/2024/12/IMG_9200-scaled.jpg, https://bikerfun.nl/wp-content/uploads/2024/12/IMG_9202-scaled.jpg",,,,,,,,,0,,,,default,213
1969,simple,12,,"Honda CBR 600 RR PC 40 | 2007 | 35kw",1,0,visible,,"Bij deze in de verkoop een Honda CBR 600RR uit 2007 met maar liefst 32.xxx kilometer op de teller en is in uitstekende staat.\n\n- 32k op de teller\n- Goed onderhouden\n- Nieuwe Michelin Pilot Street banden\n- Vrij originele staat, op een verkorte kentekenplaathouder en LeoVince einddemper voor een sportief geluid na.\n\nMotor wordt geleverd met drie maanden garantie voor extra zekerheid!\n\nLevering mogelijk in overleg.\n\nHeb je vragen of interesse? Stuur een bericht op WhatsApp of bel naar 06 15 45 21 08.\n\nMotor is te bezichtigen op <a tabindex=""0"" href=""https://www.google.com/maps/place//data=!4m2!3m1!1s0x47c0c76cc2c95f41:0xa1b0fb6d5bab5fc5?sa=X&amp;ved=1t:8290&amp;ictx=111"" data-url=""/maps/place//data=!4m2!3m1!1s0x47c0c76cc2c95f41:0xa1b0fb6d5bab5fc5?sa=X&amp;ved=2ahUKEwiGxd-itf-MAxVD2AIHHTc9BEMQ4kB6BAgWEAA"">Nijverheidsstraat, 6135 KJ Sittard</a>",,,taxable,nultarief,0,0,,0,0,,,,,1,,,7200,Motoren,"Motoren, Supersports",,"https://bikerfun.nl/wp-content/uploads/2024/12/IMG_9163-scaled.jpg, https://bikerfun.nl/wp-content/uploads/2024/12/side.png, https://bikerfun.nl/wp-content/uploads/2024/12/IMG_9163-scaled.jpg, https://bikerfun.nl/wp-content/uploads/2024/12/IMG_9172-scaled.jpg, https://bikerfun.nl/wp-content/uploads/2024/12/IMG_9164-scaled.jpg, https://bikerfun.nl/wp-content/uploads/2024/12/IMG_9169-scaled.jpg, https://bikerfun.nl/wp-content/uploads/2024/12/IMG_9170-scaled.jpg, https://bikerfun.nl/wp-content/uploads/2024/12/IMG_9171-scaled.jpg",,,,,,,,,0,,,,default,134
1970,simple,9,,"Yamaha R6 RJ11 | 2007 | 35kw",1,0,visible,,"Bij deze in de verkoop. Een prachtige Yamaha R6 RJ11 uit 2007 met A2 papieren (35kw) maar levert vol vermogen.\n\nDeze goed onderhouden motor heeft 34000 kilometer gelopen en is uitgerust met wat extra’s:\n- Laser X-Treme demper\n- Carbon Fiber Tank Side Panels\n- Verkort Kentekenplaathouder\n- Getint windscherm\n- Paddockstand bobbins\n- Barracuda handvatten\n\nDe motor heeft recentelijk een nieuwe achterbanden gemonteerd gekregen. Ook zijn een kleine 3000 kilometer geleden het volgende vervangen/gedaan:\n- Remvloeistoffen\n- Motorolie\n- Tandwiel achter\n- Tandwiel voor\n- Ketting\n- Bobines\n- Bougies\n- Distributieketting\n- Kleppen gesteld\n\nDe motor heeft hier en daar wat gebruiker sporen, zie foto’s of neem contact op voor meer informatie.\n\nMotor wordt geleverd met drie maanden garantie voor extra zekerheid!\n\nLevering mogelijk in overleg.\n\nHeb je vragen of interesse? Stuur een bericht op WhatsApp of bel naar 06 15 45 21 08.\n\nMotor is te bezichtigen op <a tabindex=""0"" href=""https://www.google.com/maps/place//data=!4m2!3m1!1s0x47c0c76cc2c95f41:0xa1b0fb6d5bab5fc5?sa=X&amp;ved=1t:8290&amp;ictx=111"" data-url=""/maps/place//data=!4m2!3m1!1s0x47c0c76cc2c95f41:0xa1b0fb6d5bab5fc5?sa=X&amp;ved=2ahUKEwiGxd-itf-MAxVD2AIHHTc9BEMQ4kB6BAgWEAA"">Nijverheidsstraat, 6135 KJ Sittard</a>",,,taxable,nultarief,0,0,,0,0,,,,,1,,,7500,Motoren,"Motoren, Supersports",,"https://bikerfun.nl/wp-content/uploads/2024/12/Yamaha-R6-ID-9-scaled.jpg, https://bikerfun.nl/wp-content/uploads/2024/12/IMG_9184-scaled.jpg, https://bikerfun.nl/wp-content/uploads/2024/12/IMG_9185-scaled.jpg, https://bikerfun.nl/wp-content/uploads/2024/12/IMG_9186-scaled.jpg, https://bikerfun.nl/wp-content/uploads/2024/12/IMG_9189-scaled.jpg, https://bikerfun.nl/wp-content/uploads/2024/12/IMG_9190-scaled.jpg, https://bikerfun.nl/wp-content/uploads/2024/12/IMG_9191-scaled.jpg, https://bikerfun.nl/wp-content/uploads/2024/12/IMG_9192-scaled.jpg",,,,,,,,,0,,,,default,184
1974,simple,5,,"Yamaha R6 RJ11 | 2007 | 35kw",1,0,visible,,"Goed onderhouden Yamaha YZF-R6 RJ11, met veel accessoires die perfect matchen met de rode accenten.\n\nDe motor is verlaagd! Idiaal voor rijders tot 1,80m.\n\nUitgerust met de volgende extra's:\n- MIVV einddemper met E-keur\n- Hendel beschermers &amp; verstelbare koppeling/remhendel\n- Rizoma remvloeistofreservoir afdekdeksel<br data-start=""717"" data-end=""720"" />- Sportieve spiegels met E-keur<br data-start=""756"" data-end=""759"" />- Framesliders (valprotectie)\n- Donkere kuipruit &amp; carbon-look kroonplaatbeschermer<br data-start=""854"" data-end=""857"" />- Verkorte kentekenplaathouder &amp; Luimoto seatcover\n<p class="""" data-start=""916"" data-end=""991"">Een nette en goed onderhouden motor, klaar voor de volgende eigenaar!</p>\n<p data-start=""916"" data-end=""991"">Motor wordt geleverd met drie maanden garantie voor extra zekerheid!</p>\nLevering mogelijk in overleg.\n\nVoor vragen stuur een bericht  op WhatsApp of bel naar 06 15 45 21 08.\n\nMotor is te bezichtigen op <a tabindex=""0"" href=""https://www.google.com/maps/place//data=!4m2!3m1!1s0x47c0c76cc2c95f41:0xa1b0fb6d5bab5fc5?sa=X&amp;ved=1t:8290&amp;ictx=111"" data-url=""/maps/place//data=!4m2!3m1!1s0x47c0c76cc2c95f41:0xa1b0fb6d5bab5fc5?sa=X&amp;ved=2ahUKEwiGxd-itf-MAxVD2AIHHTc9BEMQ4kB6BAgWEAA"">Nijverheidsstraat, 6135 KJ Sittard</a>",,,taxable,nultarief,0,0,,0,0,,,,,1,,,7900,Motoren,"Motoren, Supersports",,"https://bikerfun.nl/wp-content/uploads/2024/12/IMG_9174-scaled.jpg, https://bikerfun.nl/wp-content/uploads/2024/12/IMG_9174-scaled.jpg, https://bikerfun.nl/wp-content/uploads/2024/12/IMG_9189-1-scaled.jpg, https://bikerfun.nl/wp-content/uploads/2024/12/IMG_9191-1-scaled.jpg, https://bikerfun.nl/wp-content/uploads/2024/12/IMG_9188-scaled.jpg, https://bikerfun.nl/wp-content/uploads/2024/12/IMG_9186-1-scaled.jpg, https://bikerfun.nl/wp-content/uploads/2024/12/IMG_9187-scaled.jpg, https://bikerfun.nl/wp-content/uploads/2024/12/IMG_9184-1-scaled.jpg, https://bikerfun.nl/wp-content/uploads/2024/12/IMG_9183-scaled.jpg, https://bikerfun.nl/wp-content/uploads/2024/12/IMG_9185-1-scaled.jpg",,,,,,,,,0,,,,default,149
2022,simple,11,11,"Honda CBR-600RR PC40 | 2009 | 35kw",0,0,hidden,,"Bij deze in de verkoop een prachtige Honda CBR-600RR met 32xxx kilometer op de teller.\n\nDeze motor is afkomstig van de tweede eigenaar, die hem ruim 11 jaar met zorg heeft onderhouden en nooit heeft bespaard op kwaliteit. Dat zie je terug in de vele hoogwaardige Rizoma onderdelen.\n\nUitgerust met:\n- Rizoma handvatten\n- Rizoma spiegels\n- Rizoma remvloeistofreservoir\n- Rizoma richtingaanwijzers\n- Donker windscherm\n- Akrapovic einddemper\n- Pazzo Racing hendels\n- Verkorte kentekenplaathouder\n\nLevering mogelijk in overleg.\n\nHeb je vragen of interesse? Stuur een bericht op WhatsApp of bel naar 06 15 45 21 08.\n\nMotor is te bezichtigen op <a tabindex=""0"" href=""https://www.google.com/maps/place//data=!4m2!3m1!1s0x47c0c76cc2c95f41:0xa1b0fb6d5bab5fc5?sa=X&amp;ved=1t:8290&amp;ictx=111"" data-url=""/maps/place//data=!4m2!3m1!1s0x47c0c76cc2c95f41:0xa1b0fb6d5bab5fc5?sa=X&amp;ved=2ahUKEwiGxd-itf-MAxVD2AIHHTc9BEMQ4kB6BAgWEAA"">Nijverheidsstraat, 6135 KJ Sittard</a>",,,taxable,nultarief,0,0,,0,0,,,,,1,,,7200,Motoren,"Motoren, Supersports",,"https://bikerfun.nl/wp-content/uploads/2025/02/20250209_145504-scaled.jpg, https://bikerfun.nl/wp-content/uploads/2025/02/20250209_145504-scaled.jpg",,,,,,,,,0,,,,default,20
2056,simple,10,,"Kawasaki ZX6R | Groen | 2010 | 35kw",1,0,visible,,"<p class="""" data-start=""155"" data-end=""324"">Bij deze in de verkoop een prachtige Kawasaki ZX-6R uit 2010. De motor heeft slechts 23.xxx kilometer gelopen en is perfect onderhouden.</p>\n<p class="""" data-start=""326"" data-end=""617"">Onderhoud &amp; Performance<br data-start=""357"" data-end=""360"" />- Recent onderhoud gehad, inclusief kleppen stellen en Dynotune (facturen aanwezig).<br data-start=""448"" data-end=""451"" />- Voorzien van zo goed als nieuwe Michelin semi-slick banden (high-performance zomerbanden).<br data-start=""547"" data-end=""550"" />- LET OP! Staat op 35 kW kenteken.</p>\n<p class="""" data-start=""619"" data-end=""1112"">Uitgebreide uitrusting &amp; extra’s<br data-start=""658"" data-end=""661"" />- Quick-shifter &amp; gear indicator<br data-start=""702"" data-end=""705"" />- Arrow full system uitlaat (voorbocht wordt meegeleverd)<br data-start=""767"" data-end=""770"" />- Upside-down voorvork &amp; raceketting<br data-start=""811"" data-end=""814"" />- Lightech schetspedalen &amp; GB Racing engine covers<br data-start=""869"" data-end=""872"" />- Carbon frame hoes, tankprotectie &amp; tankpads<br data-start=""922"" data-end=""925"" />- Brembo remblokken &amp; stalen remleidingen<br data-start=""971"" data-end=""974"" />- Verstelbare hendels &amp; hoog getint windscherm<br data-start=""1025"" data-end=""1028"" />- Hardtop achterzit &amp; verkorte kentekenplaathouder<br data-start=""1083"" data-end=""1086"" />- Snelgas &amp; bobbins</p>\n<p data-start=""619"" data-end=""1112"">Motor wordt geleverd met drie maanden garantie voor extra zekerheid!</p>\nLevering mogelijk in overleg.\n\nVoor vragen stuur een bericht  op WhatsApp of bel naar 06 15 45 21 08.\n\nMotor is te bezichtigen op <a tabindex=""0"" href=""https://www.google.com/maps/place//data=!4m2!3m1!1s0x47c0c76cc2c95f41:0xa1b0fb6d5bab5fc5?sa=X&amp;ved=1t:8290&amp;ictx=111"" data-url=""/maps/place//data=!4m2!3m1!1s0x47c0c76cc2c95f41:0xa1b0fb6d5bab5fc5?sa=X&amp;ved=2ahUKEwiGxd-itf-MAxVD2AIHHTc9BEMQ4kB6BAgWEAA"">Nijverheidsstraat, 6135 KJ Sittard</a>\n\nAlleen op afspraak!",,,taxable,nultarief,0,0,,0,0,,,,,1,,,8000,Motoren,"35kw, Motoren, Supersport",,"https://bikerfun.nl/wp-content/uploads/2025/02/IMG_9196-scaled.jpg, https://bikerfun.nl/wp-content/uploads/2025/02/IMG_9197-scaled.jpg, https://bikerfun.nl/wp-content/uploads/2025/04/IMG_9195-scaled.jpg, https://bikerfun.nl/wp-content/uploads/2025/04/IMG_9198-scaled.jpg, https://bikerfun.nl/wp-content/uploads/2025/04/IMG_9204-scaled.jpg, https://bikerfun.nl/wp-content/uploads/2025/04/IMG_9201-scaled.jpg, https://bikerfun.nl/wp-content/uploads/2025/04/IMG_9200-scaled.jpg, https://bikerfun.nl/wp-content/uploads/2025/04/IMG_9199-scaled.jpg, https://bikerfun.nl/wp-content/uploads/2025/04/IMG_9202-scaled.jpg, https://bikerfun.nl/wp-content/uploads/2025/04/IMG_9203-scaled.jpg, https://bikerfun.nl/wp-content/uploads/2025/04/IMG_9205-scaled.jpg, https://bikerfun.nl/wp-content/uploads/2025/04/IMG_9206-scaled.jpg",,,,,,,,,0,,,,default,166
2065,simple,,,"Aanbetaling Kawasaki ZX6R | ZX636E | Groen | 35kw | 85",0,1,hidden,,"<p style=""padding-left: 80px;"">Aanbetaling factuur</p>",,,taxable,nultarief,1,,,0,0,,,,,1,,,1050,Alles,,,,,,,,,,,,0,,,,default,
2077,simple,15,,"Kawasaki ZX6R 2003 - 8454",0,0,hidden,,,,,taxable,nultarief,0,0,,0,0,,,,,1,,,4250,Alles,,,https://bikerfun.nl/wp-content/uploads/2025/03/20250308_071040-scaled.jpg,,,,,,,,,0,,,,default,
2096,simple,14,,"Yamaha XT660X | 2004 | 4700",0,0,hidden,,,,,taxable,nultarief,0,0,,0,0,,,,,1,,,4000,Alles,,,https://bikerfun.nl/wp-content/uploads/2025/03/20250308_070717-scaled.jpg,,,,,,,,,0,,,,default,
2118,simple,21,,"Honda CBR 600 RR PC 37 – 9808",0,0,hidden,,,,,taxable,nultarief,0,,,0,0,,,,,1,,,5500,Alles,,,,,,,,,,,,0,,,,default,1
2123,simple,16,,"Kawasaki ZX6R – 0687",0,0,hidden,,,,,taxable,nultarief,0,0,,0,0,,,,,1,,,8300,Alles,,,https://bikerfun.nl/wp-content/uploads/2025/04/20250409_064836-scaled.jpg,,,,,,,,,0,,,,default,
2128,simple,,,"Aanpassing Motorvermogen | Zakelijke klant",0,0,hidden,,"Deze dienst omvat het begeleiden en uitvoeren van de officiële aanpassing van het motorvermogen van een voertuig in het kentekenregister van de RDW. Wij verzorgen het volledige traject, inclusief technische onderbouwing, indiening bij de RDW, en de administratieve afhandeling, zodat het aangepaste vermogen correct wordt geregistreerd op het kentekenbewijs van de klant.\n\nInclusief:\n<ul>\n 	<li class="""" data-start=""577"" data-end=""640"">\n<p class="""" data-start=""579"" data-end=""640"">Controle van de benodigde documenten en technische gegevens</p>\n</li>\n 	<li class="""" data-start=""641"" data-end=""686"">\n<p class="""" data-start=""643"" data-end=""686"">Voorbereiding van het dossier voor de RDW</p>\n</li>\n 	<li class="""" data-start=""687"" data-end=""737"">\n<p class="""" data-start=""689"" data-end=""737"">Indiening van de vermogenswijziging bij de RDW</p>\n</li>\n 	<li class="""" data-start=""738"" data-end=""792"">\n<p class="""" data-start=""740"" data-end=""792"">Begeleiding bij (eventuele) herkeuring of controle</p>\n</li>\n 	<li class="""" data-start=""793"" data-end=""869"">\n<p class="""" data-start=""795"" data-end=""869"">Bevestiging en vastlegging van het nieuwe vermogen in het kentekenregister</p>\n</li>\n</ul>",,,taxable,,1,,,0,0,,,,,1,,,600,Alles,,,,,,,,,,,,0,,,,default,
2134,simple,,,Kilometervergoeding,0,0,hidden,,,,,taxable,,1,,,0,0,,,,,1,,,"0,60",Alles,,,,,,,,,,,,0,,,,default,
2237,simple,25,25,"Suzuki GSX-R 750 | Zwart | 2007 | 35kw",1,0,visible,,"<p class="""" data-start=""155"" data-end=""324"">Ben jij op zoek naar een krachtige en uitgebalanceerde supersport met een lage kilometerstand en echte GSX-R performance? Dan is deze Suzuki GSX-R750 uit 2007 een hele interessante optie! Met slechts 17.633 km op de teller en een aantal sportieve extra’s is dit een geweldige machine voor de liefhebber.</p>\n- 3 maanden garantie inbegrepen\n- Kilometerstand: 17.633 km\n- Bouwjaar: 2007 (K7)\n- 750cc – ideale mix van 600-lichtvoetigheid &amp; 1000-power\n- Staat op 35kW papieren – Dezelfde kosten als een A2 verzekering!\n\nWordt bij verkoop voorzien van:\n- Nieuwe motorolie\n- Nieuw oliefilter\n\nExtra’s &amp; features:\n- BOS sportuitlaat – diep sportief geluid\n- Verkorte kentekenplaathouder – strak afgewerkt\n- Meerdere rijmodi – instelbaar naar rijstijl &amp; omstandigheden\n\nDe motor heeft lichte schade die momenteel nog aanwezig is. Deze zal naar wens van de koper:\nProfessioneel hersteld worden vóór levering\nOF\nMet schade worden verkocht tegen een lagere prijs\n\nZo bepaal jij als koper wat voor jou het beste past – of je nou zelf handig bent of liever een instapklare motor mee naar huis neemt.\n\nLevering is mogelijk in overleg!\n\nInteresse? Stuur een bericht voor meer info of plan direct een proefrit! Kan via de chat of via WhatsApp naar 0615452108.\n\nMotor is te bezichtigen op <a tabindex=""0"" href=""https://www.google.com/maps/place//data=!4m2!3m1!1s0x47c0c76cc2c95f41:0xa1b0fb6d5bab5fc5?sa=X&amp;ved=1t:8290&amp;ictx=111"" data-url=""/maps/place//data=!4m2!3m1!1s0x47c0c76cc2c95f41:0xa1b0fb6d5bab5fc5?sa=X&amp;ved=2ahUKEwiGxd-itf-MAxVD2AIHHTc9BEMQ4kB6BAgWEAA"">Nijverheidsstraat, 6135 KJ Sittard</a>\n\nAlleen op afspraak!",,,taxable,nultarief,0,,,0,0,,,,,1,,,8100,Motoren,"35kw, Motoren, Supersport",,"https://bikerfun.nl/wp-content/uploads/2025/04/IMG_9672-scaled.jpg, https://bikerfun.nl/wp-content/uploads/2025/04/IMG_9671-scaled.jpg, https://bikerfun.nl/wp-content/uploads/2025/04/IMG_9673-scaled.jpg, https://bikerfun.nl/wp-content/uploads/2025/04/IMG_9677-scaled.jpg, https://bikerfun.nl/wp-content/uploads/2025/04/IMG_E9674-scaled.jpg, https://bikerfun.nl/wp-content/uploads/2025/04/IMG_9678-scaled.jpg, https://bikerfun.nl/wp-content/uploads/2025/04/IMG_9676-scaled.jpg, https://bikerfun.nl/wp-content/uploads/2025/04/IMG_9675-scaled.jpg",,,,,,,,,0,,,,default,210
2248,simple,26,,"Yamaha XT660X | Zwart | SuperMoto | LeoVince | A2",1,0,visible,,"Ben je op zoek naar een betrouwbare en stoere supermoto die direct klaarstaat voor gebruik? Deze Yamaha XT660X biedt je alles wat je zoekt: power, wendbaarheid én een heerlijk geluid!\n\n- Kilometerstand: 31.997 km\n- Voorzien van verse service vóór levering\n\nWat wordt nog uitgevoerd vóór aflevering:\n- Voorvorkrevisie – verse keerringen en olie\n- Nieuwe motorolie\n- Nieuw oliefilter\n- Vervanging remvloeistof\n\nExtra’s &amp; upgrades:\n- LeoVince sportuitlaat – Volle klank, minder gewicht\n- LED knipperlichten – Modern &amp; goed zichtbaar\n\nDe XT660X staat bekend om zijn betrouwbare eencilinder motorblok, hoge koppel onderin en speelse rijgedrag – ideaal voor stadsritten, bochtige binnenwegen én lichte offroad-paadjes.\nDe motor heeft gebruikelijke lichte gebruikerssporen, passend bij zijn leeftijd, maar technisch wordt hij volledig fris afgeleverd zodat je zorgeloos kunt rijden.\n\nLevering is mogelijk in overleg!\n\nInteresse? Stuur een bericht voor meer info of plan direct een proefrit! Kan via de chatfunctie of via WhatsApp naar 0615452108.\n\nMotor is te bezichtigen op <a tabindex=""0"" href=""https://www.google.com/maps/place//data=!4m2!3m1!1s0x47c0c76cc2c95f41:0xa1b0fb6d5bab5fc5?sa=X&amp;ved=1t:8290&amp;ictx=111"" data-url=""/maps/place//data=!4m2!3m1!1s0x47c0c76cc2c95f41:0xa1b0fb6d5bab5fc5?sa=X&amp;ved=2ahUKEwiGxd-itf-MAxVD2AIHHTc9BEMQ4kB6BAgWEAA"">Nijverheidsstraat, 6135 KJ Sittard</a>\n\nAlleen op afspraak!",,,taxable,nultarief,1,,,0,0,,,,,1,,,4300,Motoren,"35kw, Motoren, SuperMoto",,"https://bikerfun.nl/wp-content/uploads/2025/04/IMG_9696-scaled.jpg, https://bikerfun.nl/wp-content/uploads/2025/04/IMG_9697-scaled.jpg, https://bikerfun.nl/wp-content/uploads/2025/04/IMG_E9695-scaled.jpg, https://bikerfun.nl/wp-content/uploads/2025/04/IMG_9698-scaled.jpg",,,,,,,,,0,,,,default,154
2251,simple,27,,"Yamaha R6 RJ15 | Rood/Wit | LeoVince | 35kw",1,0,visible,,"Ben jij op zoek naar een pure supersport met stijl, pit en een lage kilometerstand? Dan is deze Yamaha R6 RJ15 uitermate geschikt.\n\n- Kilometerstand: 29.236 km\n- 3 maanden garantie inbegrepen\n- Motorisch in topstaat\n- Staat op 35kW papieren – Verzekering kosten van een A2 motor!\n\nOnderhoud (bij aflevering):\n- Nieuwe motorolie\n- Nieuw oliefilter\n\nExtra’s &amp; upgrades:\n- Verkorte kentekenplaathouder – Strakke achterkant\n- LED knipperlichten – Modern &amp; opvallend\n- Getint windscherm – Sportieve look\n- Bar-end spiegels – Minimalistisch en stijlvol\n- Valdoppen – Extra bescherming\n- Aftermarket remvloeistofreservoirs – Fraaie upgrade\n\nDeze R6 staat bekend om z'n hoge toerengebied, messcherpe handling en iconische uiterlijk. De motor is technisch volledig in orde en klaar om het nieuwe seizoen te domineren.\n\nLevering is mogelijk in overleg!\n\nInteresse? Stuur een bericht voor meer info of plan direct een proefrit! Kan via de chat of via WhatsApp naar 0615452108.\n\nMotor is te bezichtigen op <a tabindex=""0"" href=""https://www.google.com/maps/place//data=!4m2!3m1!1s0x47c0c76cc2c95f41:0xa1b0fb6d5bab5fc5?sa=X&amp;ved=1t:8290&amp;ictx=111"" data-url=""/maps/place//data=!4m2!3m1!1s0x47c0c76cc2c95f41:0xa1b0fb6d5bab5fc5?sa=X&amp;ved=2ahUKEwiGxd-itf-MAxVD2AIHHTc9BEMQ4kB6BAgWEAA"">Nijverheidsstraat, 6135 KJ Sittard</a>\n\nAlleen op afspraak!",,,taxable,nultarief,0,,,0,0,,,,,1,,,8500,Motoren,"35kw, Motoren, Supersport",,"https://bikerfun.nl/wp-content/uploads/2025/04/IMG_9667-scaled.jpg, https://bikerfun.nl/wp-content/uploads/2025/04/IMG_9668-scaled.jpg, https://bikerfun.nl/wp-content/uploads/2025/04/IMG_9666-scaled.jpg, https://bikerfun.nl/wp-content/uploads/2025/04/IMG_9670-scaled.jpg, https://bikerfun.nl/wp-content/uploads/2025/04/IMG_9669-scaled.jpg",,,,,,,,,0,,,,default,201
2259,simple,24,,"Kawasaki ZX6R | Groen | 2003 | 35kw",1,0,visible,,"Op zoek naar een strakke supersport die goed verzorgd is, maar nog steeds z’n originele charme heeft? Deze Kawasaki ZX-6R met slechts 34.684 km op de teller is technisch en optisch in nette staat en klaar om te rijden!\n\n- Kilometerstand: 34.684 km\n- Motorisch in topconditie\n- 3 maanden garantie inbegrepen\n- Staat op 35kW papieren – Dezelfde kosten als een A2 verzekering!\n\nOnderhoud &amp; technische staat:\n- Net voorzien van een oliewissel + nieuw oliefilter\n- Vrij nieuwe ketting en tandwielen\n- Staat op vrijwel ongebruikte banden\n\nUitrusting &amp; extra’s:\n- LED knipperlichten voor en achter – goede zichtbaarheid\n- Verkorte kentekenplaathouder – strakke afwerking\n- Aftermarket voetsteunen &amp; schakelpookje – sportieve upgrade\n\nVerder is deze ZX-6R in vrij originele staat, wat hem extra aantrekkelijk maakt voor liefhebbers van een cleane look of om zelf verder naar wens aan te passen.\n\nLevering is mogelijk in overleg!\n\nInteresse? Stuur een bericht voor meer info of plan direct een proefrit! Kan via de chat of via WhatsApp naar 0615452108.\n\nMotor is te bezichtigen op <a tabindex=""0"" href=""https://www.google.com/maps/place//data=!4m2!3m1!1s0x47c0c76cc2c95f41:0xa1b0fb6d5bab5fc5?sa=X&amp;ved=1t:8290&amp;ictx=111"" data-url=""/maps/place//data=!4m2!3m1!1s0x47c0c76cc2c95f41:0xa1b0fb6d5bab5fc5?sa=X&amp;ved=2ahUKEwiGxd-itf-MAxVD2AIHHTc9BEMQ4kB6BAgWEAA"">Nijverheidsstraat, 6135 KJ Sittard</a>\n\nAlleen op afspraak!",,,taxable,nultarief,0,,,0,0,,,,,1,,,4500,Motoren,"35kw, Motoren, Supersport",,"https://bikerfun.nl/wp-content/uploads/2025/04/IMG_9688-scaled.jpg, https://bikerfun.nl/wp-content/uploads/2025/04/IMG_9686-scaled.jpg, https://bikerfun.nl/wp-content/uploads/2025/04/IMG_9690-scaled.jpg, https://bikerfun.nl/wp-content/uploads/2025/04/IMG_9692-scaled.jpg, https://bikerfun.nl/wp-content/uploads/2025/04/IMG_E9693-scaled.jpg",,,,,,,,,0,,,,default,195
2260,simple,23,,"Yamaha R6 RJ05 | 2003 | Blauw | 35kw",1,0,visible,,"Ben je op zoek naar een sportieve motor met karakter, betrouwbaarheid én een frisse onderhoudsbeurt? Deze Yamaha R6 RJ05 uit de geliefde generatie biedt precies dat. Geen gekke aanpassingen – gewoon puur, goed verzorgd en klaar om te rijden.\n\n- Kilometerstand: 34.922 km\n- Rijdt en schakelt perfect\n- 3 maanden garantie inbegrepen\n- Staat op 35kW papieren – Dezelfde kosten als een A2 verzekering!\n\n- Onderhoud &amp; technische staat:\n- Recent olie + oliefilter vervangen (nog geen 500 km geleden)\n- Nieuwe ketting en tandwielset\n- Zowat ongebruikte banden – vrijwel nieuw profiel\n\nDe motor is in vrij originele staat, wat steeds zeldzamer wordt bij deze modellen. Ideaal voor de liefhebber die waarde hecht aan betrouwbaarheid en rijbeleving zonder onnodige aanpassingen.\nKortom: een eerlijke, goed onderhouden R6 die klaarstaat voor het seizoen!\n\nLevering is mogelijk in overleg!\n\nInteresse? Stuur een bericht voor meer info of plan direct een proefrit! Kan via de chat of via WhatsApp naar 0615452108.\n\nMotor is te bezichtigen op <a tabindex=""0"" href=""https://www.google.com/maps/place//data=!4m2!3m1!1s0x47c0c76cc2c95f41:0xa1b0fb6d5bab5fc5?sa=X&amp;ved=1t:8290&amp;ictx=111"" data-url=""/maps/place//data=!4m2!3m1!1s0x47c0c76cc2c95f41:0xa1b0fb6d5bab5fc5?sa=X&amp;ved=2ahUKEwiGxd-itf-MAxVD2AIHHTc9BEMQ4kB6BAgWEAA"">Nijverheidsstraat, 6135 KJ Sittard</a>\n\nAlleen op afspraak!",,,taxable,nultarief,0,,,0,0,,,,,1,,,5200,Motoren,"35kw, Motoren, Supersport",,"https://bikerfun.nl/wp-content/uploads/2025/04/IMG_9682-scaled.jpg, https://bikerfun.nl/wp-content/uploads/2025/04/IMG_9679-scaled.jpg, https://bikerfun.nl/wp-content/uploads/2025/04/IMG_9683-scaled.jpg, https://bikerfun.nl/wp-content/uploads/2025/04/IMG_9684-scaled.jpg, https://bikerfun.nl/wp-content/uploads/2025/04/IMG_9685-scaled.jpg",,,,,,,,,0,,,,default,184
2268,simple,20,20,"Suzuki GSXR-R 600 | K7 | 35kw",0,0,hidden,,,,,taxable,nultarief,1,1,,0,0,,,,,1,,,8000,Alles,,,https://bikerfun.nl/wp-content/uploads/2025/05/20250412_200146-scaled.jpg,,,,,,,,,0,,,,default,
2311,simple,2G-WP1U-ASY4,,"Helmcovers  - Blue Shark - Helmcover - Motor - Scooter - Universeel - Accessoires",1,0,visible,"Levertijd 1-2 werkdagen","<p class="""" data-start=""160"" data-end=""415""><strong data-start=""160"" data-end=""199"">Stijlvolle bescherming voor je helm</strong><br data-start=""199"" data-end=""202"" />Geef je helm een unieke en persoonlijke uitstraling met onze hoogwaardige stoffen helmcover. Deze cover is ontworpen om niet alleen visueel op te vallen, maar ook praktische voordelen te bieden tijdens het rijden.</p>\n<p class="""" data-start=""417"" data-end=""862"">• <strong data-start=""419"" data-end=""441"">Universele pasvorm</strong> – Dankzij het elastische ontwerp past de cover op de meeste integraalhelmen. Let op: bij systeemhelmen kan het openen beperkt worden.<br data-start=""575"" data-end=""578"" />• <strong data-start=""580"" data-end=""603"">Strakke aansluiting</strong> – De cover sluit nauw aan en blijft stevig op zijn plaats, ook bij hogere snelheden.<br data-start=""688"" data-end=""691"" />• <strong data-start=""693"" data-end=""708"">Beschermend</strong> – Helpt de helm te beschermen tegen krassen, stof en vuil.<br data-start=""767"" data-end=""770"" />• <strong data-start=""772"" data-end=""789"">Geluiddempend</strong> – Vermindert windruis voor een stillere en comfortabelere rijervaring.</p>\n<p class="""" data-start=""864"" data-end=""952""><em data-start=""864"" data-end=""952"">Let op: dit product betreft uitsluitend de helmcover. De helm zelf is niet inbegrepen.</em></p>",,,taxable,,1,10,,0,0,,,,,1,,,"34,95","Alles, Helmcovers","Accessoires, Brommer, Grappig, Helm Cover, Helmen, Helmet Cover, Moped, Motorcycle, Scooter",,https://bikerfun.nl/wp-content/uploads/2025/05/variant_80402_2024-04-06.webp,,,,,,,,,0,,,,default,201
2315,simple,4M-Y7TD-2JCO,,"Helmcovers  - Pikachu - Helmcover - Motor - Scooter - Universeel - Accessoires",1,0,visible,"Levertijd 1-2 werkdagen","<p class="""" data-start=""160"" data-end=""415""><strong data-start=""160"" data-end=""199"">Stijlvolle bescherming voor je helm</strong><br data-start=""199"" data-end=""202"" />Geef je helm een unieke en persoonlijke uitstraling met onze hoogwaardige stoffen helmcover. Deze cover is ontworpen om niet alleen visueel op te vallen, maar ook praktische voordelen te bieden tijdens het rijden.</p>\n<p class="""" data-start=""417"" data-end=""862"">• <strong data-start=""419"" data-end=""441"">Universele pasvorm</strong> – Dankzij het elastische ontwerp past de cover op de meeste integraalhelmen. Let op: bij systeemhelmen kan het openen beperkt worden.<br data-start=""575"" data-end=""578"" />• <strong data-start=""580"" data-end=""603"">Strakke aansluiting</strong> – De cover sluit nauw aan en blijft stevig op zijn plaats, ook bij hogere snelheden.<br data-start=""688"" data-end=""691"" />• <strong data-start=""693"" data-end=""708"">Beschermend</strong> – Helpt de helm te beschermen tegen krassen, stof en vuil.<br data-start=""767"" data-end=""770"" />• <strong data-start=""772"" data-end=""789"">Geluiddempend</strong> – Vermindert windruis voor een stillere en comfortabelere rijervaring.</p>\n<p class="""" data-start=""864"" data-end=""952""><em data-start=""864"" data-end=""952"">Let op: dit product betreft uitsluitend de helmcover. De helm zelf is niet inbegrepen.</em></p>",,,taxable,,1,8,,0,0,,,,,1,,,"34,95","Alles, Helmcovers","Accessoires, Brommer, Grappig, Helm Cover, Helmen, Helmet Cover, Moped, Motorcycle, Scooter",,"https://bikerfun.nl/wp-content/uploads/2025/05/pickachu-left-1-scaled.png, https://bikerfun.nl/wp-content/uploads/2025/05/pickachu-right.png, https://bikerfun.nl/wp-content/uploads/2025/05/pickachu-front.png",,,,,,,,,0,,,,default,213
2317,simple,3G-WP1U-ASY7,,"Helmcovers  - Grey Long Hair Bunny - Helmcover - Motor - Scooter - Universeel - Accessoires",1,0,visible,"Levertijd 1-2 werkdagen","<p class="""" data-start=""160"" data-end=""415""><strong data-start=""160"" data-end=""199"">Stijlvolle bescherming voor je helm</strong><br data-start=""199"" data-end=""202"" />Geef je helm een unieke en persoonlijke uitstraling met onze hoogwaardige stoffen helmcover. Deze cover is ontworpen om niet alleen visueel op te vallen, maar ook praktische voordelen te bieden tijdens het rijden.</p>\n<p class="""" data-start=""417"" data-end=""862"">• <strong data-start=""419"" data-end=""441"">Universele pasvorm</strong> – Dankzij het elastische ontwerp past de cover op de meeste integraalhelmen. Let op: bij systeemhelmen kan het openen beperkt worden.<br data-start=""575"" data-end=""578"" />• <strong data-start=""580"" data-end=""603"">Strakke aansluiting</strong> – De cover sluit nauw aan en blijft stevig op zijn plaats, ook bij hogere snelheden.<br data-start=""688"" data-end=""691"" />• <strong data-start=""693"" data-end=""708"">Beschermend</strong> – Helpt de helm te beschermen tegen krassen, stof en vuil.<br data-start=""767"" data-end=""770"" />• <strong data-start=""772"" data-end=""789"">Geluiddempend</strong> – Vermindert windruis voor een stillere en comfortabelere rijervaring.</p>\n<p class="""" data-start=""864"" data-end=""952""><em data-start=""864"" data-end=""952"">Let op: dit product betreft uitsluitend de helmcover. De helm zelf is niet inbegrepen.</em></p>",,,taxable,,1,14,,0,0,,,,,1,,,"34,95","Alles, Helmcovers","Accessoires, Brommer, Grappig, Helm Cover, Helmen, Helmet Cover, Moped, Motorcycle, Scooter",,"https://bikerfun.nl/wp-content/uploads/2025/05/variant_101282_2024-08-06.jpg, https://bikerfun.nl/wp-content/uploads/2025/05/Grey-long-hair-rabbit-right-side.jpg, https://bikerfun.nl/wp-content/uploads/2025/05/Grey-long-hair-rabbit-front.jpg, https://bikerfun.nl/wp-content/uploads/2025/05/Grey-long-hair-rabbit-side.jpg",,,,,,,,,0,,,,default,194
2319,simple,3G-WP1U-ASY8,,"Helmcovers  - Grey Hairy Monster  - Helmcover - Motor - Scooter - Universeel - Accessoires",1,0,visible,"Levertijd 1-2 werkdagen","<p class="""" data-start=""160"" data-end=""415""><strong data-start=""160"" data-end=""199"">Stijlvolle bescherming voor je helm</strong><br data-start=""199"" data-end=""202"" />Geef je helm een unieke en persoonlijke uitstraling met onze hoogwaardige stoffen helmcover. Deze cover is ontworpen om niet alleen visueel op te vallen, maar ook praktische voordelen te bieden tijdens het rijden.</p>\n<p class="""" data-start=""417"" data-end=""862"">• <strong data-start=""419"" data-end=""441"">Universele pasvorm</strong> – Dankzij het elastische ontwerp past de cover op de meeste integraalhelmen. Let op: bij systeemhelmen kan het openen beperkt worden.<br data-start=""575"" data-end=""578"" />• <strong data-start=""580"" data-end=""603"">Strakke aansluiting</strong> – De cover sluit nauw aan en blijft stevig op zijn plaats, ook bij hogere snelheden.<br data-start=""688"" data-end=""691"" />• <strong data-start=""693"" data-end=""708"">Beschermend</strong> – Helpt de helm te beschermen tegen krassen, stof en vuil.<br data-start=""767"" data-end=""770"" />• <strong data-start=""772"" data-end=""789"">Geluiddempend</strong> – Vermindert windruis voor een stillere en comfortabelere rijervaring.</p>\n<p class="""" data-start=""864"" data-end=""952""><em data-start=""864"" data-end=""952"">Let op: dit product betreft uitsluitend de helmcover. De helm zelf is niet inbegrepen.</em></p>",,,taxable,,1,18,,0,0,,,,,1,,,"34,95","Alles, Helmcovers","Accessoires, Brommer, Grappig, Helm Cover, Helmen, Helmet Cover, Moped, Motorcycle, Scooter",,https://bikerfun.nl/wp-content/uploads/2025/05/variant_101283_2024-08-06.jpg,,,,,,,,,0,,,,default,201
2321,simple,3G-WP1U-ASY9,,"Helmcovers  - Green Monster - Helmcover - Motor - Scooter - Universeel - Accessoires",1,0,visible,"Levertijd 1-2 werkdagen","<p class="""" data-start=""160"" data-end=""415""><strong data-start=""160"" data-end=""199"">Stijlvolle bescherming voor je helm</strong><br data-start=""199"" data-end=""202"" />Geef je helm een unieke en persoonlijke uitstraling met onze hoogwaardige stoffen helmcover. Deze cover is ontworpen om niet alleen visueel op te vallen, maar ook praktische voordelen te bieden tijdens het rijden.</p>\n<p class="""" data-start=""417"" data-end=""862"">• <strong data-start=""419"" data-end=""441"">Universele pasvorm</strong> – Dankzij het elastische ontwerp past de cover op de meeste integraalhelmen. Let op: bij systeemhelmen kan het openen beperkt worden.<br data-start=""575"" data-end=""578"" />• <strong data-start=""580"" data-end=""603"">Strakke aansluiting</strong> – De cover sluit nauw aan en blijft stevig op zijn plaats, ook bij hogere snelheden.<br data-start=""688"" data-end=""691"" />• <strong data-start=""693"" data-end=""708"">Beschermend</strong> – Helpt de helm te beschermen tegen krassen, stof en vuil.<br data-start=""767"" data-end=""770"" />• <strong data-start=""772"" data-end=""789"">Geluiddempend</strong> – Vermindert windruis voor een stillere en comfortabelere rijervaring.</p>\n<p class="""" data-start=""864"" data-end=""952""><em data-start=""864"" data-end=""952"">Let op: dit product betreft uitsluitend de helmcover. De helm zelf is niet inbegrepen.</em></p>",,,taxable,,1,13,,0,0,,,,,1,,,"34,95","Alles, Helmcovers","Accessoires, Brommer, Grappig, Helm Cover, Helmen, Helmet Cover, Moped, Motorcycle, Scooter",,https://bikerfun.nl/wp-content/uploads/2025/05/variant_101284_2024-08-06.jpg,,,,,,,,,0,,,,default,187
2323,simple,4G-WP1U-ASY2,,"Helmcovers  - Yellow Chicken - Helmcover - Motor - Scooter - Universeel - Accessoires",1,0,visible,"Levertijd 1-2 werkdagen","<p class="""" data-start=""160"" data-end=""415""><strong data-start=""160"" data-end=""199"">Stijlvolle bescherming voor je helm</strong><br data-start=""199"" data-end=""202"" />Geef je helm een unieke en persoonlijke uitstraling met onze hoogwaardige stoffen helmcover. Deze cover is ontworpen om niet alleen visueel op te vallen, maar ook praktische voordelen te bieden tijdens het rijden.</p>\n<p class="""" data-start=""417"" data-end=""862"">• <strong data-start=""419"" data-end=""441"">Universele pasvorm</strong> – Dankzij het elastische ontwerp past de cover op de meeste integraalhelmen. Let op: bij systeemhelmen kan het openen beperkt worden.<br data-start=""575"" data-end=""578"" />• <strong data-start=""580"" data-end=""603"">Strakke aansluiting</strong> – De cover sluit nauw aan en blijft stevig op zijn plaats, ook bij hogere snelheden.<br data-start=""688"" data-end=""691"" />• <strong data-start=""693"" data-end=""708"">Beschermend</strong> – Helpt de helm te beschermen tegen krassen, stof en vuil.<br data-start=""767"" data-end=""770"" />• <strong data-start=""772"" data-end=""789"">Geluiddempend</strong> – Vermindert windruis voor een stillere en comfortabelere rijervaring.</p>\n<p class="""" data-start=""864"" data-end=""952""><em data-start=""864"" data-end=""952"">Let op: dit product betreft uitsluitend de helmcover. De helm zelf is niet inbegrepen.</em></p>",,,taxable,,1,5,,0,0,,,,,1,,,"34,95","Alles, Helmcovers","Accessoires, Brommer, Grappig, Helm Cover, Helmen, Helmet Cover, Moped, Motorcycle, Scooter",,"https://bikerfun.nl/wp-content/uploads/2025/05/Yellow-chicken-front.jpg, https://bikerfun.nl/wp-content/uploads/2025/05/Yellow-chicken-front.png",,,,,,,,,0,,,,default,139
2325,simple,4G-WP1U-ASY3,,"Helmcovers  - Alien - Helmcover - Motor - Scooter - Universeel - Accessoires",1,0,visible,"Levertijd 1-2 werkdagen","<p class="""" data-start=""160"" data-end=""415""><strong data-start=""160"" data-end=""199"">Stijlvolle bescherming voor je helm</strong><br data-start=""199"" data-end=""202"" />Geef je helm een unieke en persoonlijke uitstraling met onze hoogwaardige stoffen helmcover. Deze cover is ontworpen om niet alleen visueel op te vallen, maar ook praktische voordelen te bieden tijdens het rijden.</p>\n<p class="""" data-start=""417"" data-end=""862"">• <strong data-start=""419"" data-end=""441"">Universele pasvorm</strong> – Dankzij het elastische ontwerp past de cover op de meeste integraalhelmen. Let op: bij systeemhelmen kan het openen beperkt worden.<br data-start=""575"" data-end=""578"" />• <strong data-start=""580"" data-end=""603"">Strakke aansluiting</strong> – De cover sluit nauw aan en blijft stevig op zijn plaats, ook bij hogere snelheden.<br data-start=""688"" data-end=""691"" />• <strong data-start=""693"" data-end=""708"">Beschermend</strong> – Helpt de helm te beschermen tegen krassen, stof en vuil.<br data-start=""767"" data-end=""770"" />• <strong data-start=""772"" data-end=""789"">Geluiddempend</strong> – Vermindert windruis voor een stillere en comfortabelere rijervaring.</p>\n<p class="""" data-start=""864"" data-end=""952""><em data-start=""864"" data-end=""952"">Let op: dit product betreft uitsluitend de helmcover. De helm zelf is niet inbegrepen.</em></p>",,,taxable,,1,14,,0,0,,,,,1,,,"34,95","Alles, Helmcovers","Accessoires, Brommer, Grappig, Helm Cover, Helmen, Helmet Cover, Moped, Motorcycle, Scooter",,"https://bikerfun.nl/wp-content/uploads/2025/05/Alian-side.jpg, https://bikerfun.nl/wp-content/uploads/2025/05/Alien-front.webp",,,,,,,,,0,,,,default,191
2327,simple,4G-WP1U-ASY4,,"Helmcovers  - Pink Horned Whale - Helmcover - Motor - Scooter - Universeel - Accessoires",1,0,visible,"Levertijd 1-2 werkdagen","<p class="""" data-start=""160"" data-end=""415""><strong data-start=""160"" data-end=""199"">Stijlvolle bescherming voor je helm</strong><br data-start=""199"" data-end=""202"" />Geef je helm een unieke en persoonlijke uitstraling met onze hoogwaardige stoffen helmcover. Deze cover is ontworpen om niet alleen visueel op te vallen, maar ook praktische voordelen te bieden tijdens het rijden.</p>\n<p class="""" data-start=""417"" data-end=""862"">• <strong data-start=""419"" data-end=""441"">Universele pasvorm</strong> – Dankzij het elastische ontwerp past de cover op de meeste integraalhelmen. Let op: bij systeemhelmen kan het openen beperkt worden.<br data-start=""575"" data-end=""578"" />• <strong data-start=""580"" data-end=""603"">Strakke aansluiting</strong> – De cover sluit nauw aan en blijft stevig op zijn plaats, ook bij hogere snelheden.<br data-start=""688"" data-end=""691"" />• <strong data-start=""693"" data-end=""708"">Beschermend</strong> – Helpt de helm te beschermen tegen krassen, stof en vuil.<br data-start=""767"" data-end=""770"" />• <strong data-start=""772"" data-end=""789"">Geluiddempend</strong> – Vermindert windruis voor een stillere en comfortabelere rijervaring.</p>\n<p class="""" data-start=""864"" data-end=""952""><em data-start=""864"" data-end=""952"">Let op: dit product betreft uitsluitend de helmcover. De helm zelf is niet inbegrepen.</em></p>",,,taxable,,1,15,,0,0,,,,,1,,,"34,95","Alles, Helmcovers","Accessoires, Brommer, Grappig, Helm Cover, Helmen, Helmet Cover, Moped, Motorcycle, Scooter",,"https://bikerfun.nl/wp-content/uploads/2025/05/variant_101288_2024-08-06-scaled.jpg, https://bikerfun.nl/wp-content/uploads/2025/05/Pink-unicorn-front.png",,,,,,,,,0,,,,default,194
2329,simple,4G-WP1U-ASY6,,"Helmcovers  - Ram - Helmcover - Motor - Scooter - Universeel - Accessoires",1,0,visible,"Levertijd 1-2 werkdagen","<p class="""" data-start=""160"" data-end=""415""><strong data-start=""160"" data-end=""199"">Stijlvolle bescherming voor je helm</strong><br data-start=""199"" data-end=""202"" />Geef je helm een unieke en persoonlijke uitstraling met onze hoogwaardige stoffen helmcover. Deze cover is ontworpen om niet alleen visueel op te vallen, maar ook praktische voordelen te bieden tijdens het rijden.</p>\n<p class="""" data-start=""417"" data-end=""862"">• <strong data-start=""419"" data-end=""441"">Universele pasvorm</strong> – Dankzij het elastische ontwerp past de cover op de meeste integraalhelmen. Let op: bij systeemhelmen kan het openen beperkt worden.<br data-start=""575"" data-end=""578"" />• <strong data-start=""580"" data-end=""603"">Strakke aansluiting</strong> – De cover sluit nauw aan en blijft stevig op zijn plaats, ook bij hogere snelheden.<br data-start=""688"" data-end=""691"" />• <strong data-start=""693"" data-end=""708"">Beschermend</strong> – Helpt de helm te beschermen tegen krassen, stof en vuil.<br data-start=""767"" data-end=""770"" />• <strong data-start=""772"" data-end=""789"">Geluiddempend</strong> – Vermindert windruis voor een stillere en comfortabelere rijervaring.</p>\n<p class="""" data-start=""864"" data-end=""952""><em data-start=""864"" data-end=""952"">Let op: dit product betreft uitsluitend de helmcover. De helm zelf is niet inbegrepen.</em></p>",,,taxable,,1,11,,0,0,,,,,1,,,"34,95","Alles, Helmcovers","Accessoires, Brommer, Grappig, Helm Cover, Helmen, Helmet Cover, Moped, Motorcycle, Scooter",,"https://bikerfun.nl/wp-content/uploads/2025/05/Ram-front-1.jpg, https://bikerfun.nl/wp-content/uploads/2025/05/variant_101290_2024-08-06.jpg",,,,,,,,,0,,,,default,211
2331,simple,4G-WP1U-ASY7,,"Helmcovers  - Squirrel - Helmcover - Motor - Scooter - Universeel - Accessoires",1,0,visible,"Levertijd 1-2 werkdagen","<p class="""" data-start=""160"" data-end=""415""><strong data-start=""160"" data-end=""199"">Stijlvolle bescherming voor je helm</strong><br data-start=""199"" data-end=""202"" />Geef je helm een unieke en persoonlijke uitstraling met onze hoogwaardige stoffen helmcover. Deze cover is ontworpen om niet alleen visueel op te vallen, maar ook praktische voordelen te bieden tijdens het rijden.</p>\n<p class="""" data-start=""417"" data-end=""862"">• <strong data-start=""419"" data-end=""441"">Universele pasvorm</strong> – Dankzij het elastische ontwerp past de cover op de meeste integraalhelmen. Let op: bij systeemhelmen kan het openen beperkt worden.<br data-start=""575"" data-end=""578"" />• <strong data-start=""580"" data-end=""603"">Strakke aansluiting</strong> – De cover sluit nauw aan en blijft stevig op zijn plaats, ook bij hogere snelheden.<br data-start=""688"" data-end=""691"" />• <strong data-start=""693"" data-end=""708"">Beschermend</strong> – Helpt de helm te beschermen tegen krassen, stof en vuil.<br data-start=""767"" data-end=""770"" />• <strong data-start=""772"" data-end=""789"">Geluiddempend</strong> – Vermindert windruis voor een stillere en comfortabelere rijervaring.</p>\n<p class="""" data-start=""864"" data-end=""952""><em data-start=""864"" data-end=""952"">Let op: dit product betreft uitsluitend de helmcover. De helm zelf is niet inbegrepen.</em></p>",,,taxable,,1,9,,0,0,,,,,1,,,"34,95","Alles, Helmcovers","Accessoires, Brommer, Grappig, Helm Cover, Helmen, Helmet Cover, Moped, Motorcycle, Scooter",,"https://bikerfun.nl/wp-content/uploads/2025/05/variant_101291_2024-08-06.jpg, https://bikerfun.nl/wp-content/uploads/2025/05/Squirrel-side.png",,,,,,,,,0,,,,default,193
2333,simple,4G-WP1U-ASY8,,"Helmcovers  - Turkey - Helmcover - Motor - Scooter - Universeel - Accessoires",1,0,visible,"Levertijd 1-2 werkdagen","<p class="""" data-start=""160"" data-end=""415""><strong data-start=""160"" data-end=""199"">Stijlvolle bescherming voor je helm</strong><br data-start=""199"" data-end=""202"" />Geef je helm een unieke en persoonlijke uitstraling met onze hoogwaardige stoffen helmcover. Deze cover is ontworpen om niet alleen visueel op te vallen, maar ook praktische voordelen te bieden tijdens het rijden.</p>\n<p class="""" data-start=""417"" data-end=""862"">• <strong data-start=""419"" data-end=""441"">Universele pasvorm</strong> – Dankzij het elastische ontwerp past de cover op de meeste integraalhelmen. Let op: bij systeemhelmen kan het openen beperkt worden.<br data-start=""575"" data-end=""578"" />• <strong data-start=""580"" data-end=""603"">Strakke aansluiting</strong> – De cover sluit nauw aan en blijft stevig op zijn plaats, ook bij hogere snelheden.<br data-start=""688"" data-end=""691"" />• <strong data-start=""693"" data-end=""708"">Beschermend</strong> – Helpt de helm te beschermen tegen krassen, stof en vuil.<br data-start=""767"" data-end=""770"" />• <strong data-start=""772"" data-end=""789"">Geluiddempend</strong> – Vermindert windruis voor een stillere en comfortabelere rijervaring.</p>\n<p class="""" data-start=""864"" data-end=""952""><em data-start=""864"" data-end=""952"">Let op: dit product betreft uitsluitend de helmcover. De helm zelf is niet inbegrepen.</em></p>",,,taxable,,1,20,,0,0,,,,,1,,,"34,95","Alles, Helmcovers","Accessoires, Brommer, Grappig, Helm Cover, Helmen, Helmet Cover, Moped, Motorcycle, Scooter",,"https://bikerfun.nl/wp-content/uploads/2025/05/variant_101292_2024-08-06.jpg, https://bikerfun.nl/wp-content/uploads/2025/05/Turkey-side.jpg",,,,,,,,,0,,,,default,192
2335,simple,4G-WP1U-ASY9,,"Helmcovers  - Black Cat - Helmcover - Motor - Scooter - Universeel - Accessoires",1,0,visible,"Levertijd 1-2 werkdagen","<p class="""" data-start=""160"" data-end=""415""><strong data-start=""160"" data-end=""199"">Stijlvolle bescherming voor je helm</strong><br data-start=""199"" data-end=""202"" />Geef je helm een unieke en persoonlijke uitstraling met onze hoogwaardige stoffen helmcover. Deze cover is ontworpen om niet alleen visueel op te vallen, maar ook praktische voordelen te bieden tijdens het rijden.</p>\n<p class="""" data-start=""417"" data-end=""862"">• <strong data-start=""419"" data-end=""441"">Universele pasvorm</strong> – Dankzij het elastische ontwerp past de cover op de meeste integraalhelmen. Let op: bij systeemhelmen kan het openen beperkt worden.<br data-start=""575"" data-end=""578"" />• <strong data-start=""580"" data-end=""603"">Strakke aansluiting</strong> – De cover sluit nauw aan en blijft stevig op zijn plaats, ook bij hogere snelheden.<br data-start=""688"" data-end=""691"" />• <strong data-start=""693"" data-end=""708"">Beschermend</strong> – Helpt de helm te beschermen tegen krassen, stof en vuil.<br data-start=""767"" data-end=""770"" />• <strong data-start=""772"" data-end=""789"">Geluiddempend</strong> – Vermindert windruis voor een stillere en comfortabelere rijervaring.</p>\n<p class="""" data-start=""864"" data-end=""952""><em data-start=""864"" data-end=""952"">Let op: dit product betreft uitsluitend de helmcover. De helm zelf is niet inbegrepen.</em></p>",,,taxable,,1,6,,0,0,,,,,1,,,"34,95","Alles, Helmcovers","Accessoires, Brommer, Grappig, Helm Cover, Helmen, Helmet Cover, Moped, Motorcycle, Scooter",,"https://bikerfun.nl/wp-content/uploads/2025/05/variant_101293_2024-08-06.jpg, https://bikerfun.nl/wp-content/uploads/2025/05/black-cat-side.jpg",,,,,,,,,0,,,,default,208
2338,simple,5G-WP1U-ASY1,,"Helmcovers  - White Kitty - Helmcover - Motor - Scooter - Universeel - Accessoires",1,0,visible,"Levertijd 1-2 werkdagen","<p class="""" data-start=""160"" data-end=""415""><strong data-start=""160"" data-end=""199"">Stijlvolle bescherming voor je helm</strong><br data-start=""199"" data-end=""202"" />Geef je helm een unieke en persoonlijke uitstraling met onze hoogwaardige stoffen helmcover. Deze cover is ontworpen om niet alleen visueel op te vallen, maar ook praktische voordelen te bieden tijdens het rijden.</p>\n<p class="""" data-start=""417"" data-end=""862"">• <strong data-start=""419"" data-end=""441"">Universele pasvorm</strong> – Dankzij het elastische ontwerp past de cover op de meeste integraalhelmen. Let op: bij systeemhelmen kan het openen beperkt worden.<br data-start=""575"" data-end=""578"" />• <strong data-start=""580"" data-end=""603"">Strakke aansluiting</strong> – De cover sluit nauw aan en blijft stevig op zijn plaats, ook bij hogere snelheden.<br data-start=""688"" data-end=""691"" />• <strong data-start=""693"" data-end=""708"">Beschermend</strong> – Helpt de helm te beschermen tegen krassen, stof en vuil.<br data-start=""767"" data-end=""770"" />• <strong data-start=""772"" data-end=""789"">Geluiddempend</strong> – Vermindert windruis voor een stillere en comfortabelere rijervaring.</p>\n<p class="""" data-start=""864"" data-end=""952""><em data-start=""864"" data-end=""952"">Let op: dit product betreft uitsluitend de helmcover. De helm zelf is niet inbegrepen.</em></p>",,,taxable,,1,7,,0,0,,,,,1,,,"34,95","Alles, Helmcovers","Accessoires, Brommer, Grappig, Helm Cover, Helmen, Helmet Cover, Moped, Motorcycle, Scooter",,"https://bikerfun.nl/wp-content/uploads/2025/05/variant_111780_2024-12-21.jpg, https://bikerfun.nl/wp-content/uploads/2025/05/white-cat-front.webp",,,,,,,,,0,,,,default,194
2340,simple,6152600191146,,"Helmcovers  - Elephant - Helmcover - Motor - Scooter - Universeel - Accessoires",1,0,visible,"Levertijd 1-2 werkdagen","<p class="""" data-start=""160"" data-end=""415""><strong data-start=""160"" data-end=""199"">Stijlvolle bescherming voor je helm</strong><br data-start=""199"" data-end=""202"" />Geef je helm een unieke en persoonlijke uitstraling met onze hoogwaardige stoffen helmcover. Deze cover is ontworpen om niet alleen visueel op te vallen, maar ook praktische voordelen te bieden tijdens het rijden.</p>\n<p class="""" data-start=""417"" data-end=""862"">• <strong data-start=""419"" data-end=""441"">Universele pasvorm</strong> – Dankzij het elastische ontwerp past de cover op de meeste integraalhelmen. Let op: bij systeemhelmen kan het openen beperkt worden.<br data-start=""575"" data-end=""578"" />• <strong data-start=""580"" data-end=""603"">Strakke aansluiting</strong> – De cover sluit nauw aan en blijft stevig op zijn plaats, ook bij hogere snelheden.<br data-start=""688"" data-end=""691"" />• <strong data-start=""693"" data-end=""708"">Beschermend</strong> – Helpt de helm te beschermen tegen krassen, stof en vuil.<br data-start=""767"" data-end=""770"" />• <strong data-start=""772"" data-end=""789"">Geluiddempend</strong> – Vermindert windruis voor een stillere en comfortabelere rijervaring.</p>\n<p class="""" data-start=""864"" data-end=""952""><em data-start=""864"" data-end=""952"">Let op: dit product betreft uitsluitend de helmcover. De helm zelf is niet inbegrepen.</em></p>",,,taxable,,1,5,,0,0,,,,,1,,,"34,95","Alles, Helmcovers","Accessoires, Brommer, Grappig, Helm Cover, Helmen, Helmet Cover, Moped, Motorcycle, Scooter",,"https://bikerfun.nl/wp-content/uploads/2025/05/variant_111781_2024-12-21.jpg, https://bikerfun.nl/wp-content/uploads/2025/05/Elephant-front.jpg",,,,,,,,,0,,,,default,215
2342,simple,6152600096021,,"Helmcovers  - Killer Clown - Helmcover - Motor - Scooter - Universeel - Accessoires",1,0,visible,"Levertijd 1-2 werkdagen","<p class="""" data-start=""160"" data-end=""415""><strong data-start=""160"" data-end=""199"">Stijlvolle bescherming voor je helm</strong><br data-start=""199"" data-end=""202"" />Geef je helm een unieke en persoonlijke uitstraling met onze hoogwaardige stoffen helmcover. Deze cover is ontworpen om niet alleen visueel op te vallen, maar ook praktische voordelen te bieden tijdens het rijden.</p>\n<p class="""" data-start=""417"" data-end=""862"">• <strong data-start=""419"" data-end=""441"">Universele pasvorm</strong> – Dankzij het elastische ontwerp past de cover op de meeste integraalhelmen. Let op: bij systeemhelmen kan het openen beperkt worden.<br data-start=""575"" data-end=""578"" />• <strong data-start=""580"" data-end=""603"">Strakke aansluiting</strong> – De cover sluit nauw aan en blijft stevig op zijn plaats, ook bij hogere snelheden.<br data-start=""688"" data-end=""691"" />• <strong data-start=""693"" data-end=""708"">Beschermend</strong> – Helpt de helm te beschermen tegen krassen, stof en vuil.<br data-start=""767"" data-end=""770"" />• <strong data-start=""772"" data-end=""789"">Geluiddempend</strong> – Vermindert windruis voor een stillere en comfortabelere rijervaring.</p>\n<p class="""" data-start=""864"" data-end=""952""><em data-start=""864"" data-end=""952"">Let op: dit product betreft uitsluitend de helmcover. De helm zelf is niet inbegrepen.</em></p>",,,taxable,,1,14,,0,0,,,,,1,,,"34,95","Alles, Helmcovers","Accessoires, Brommer, Grappig, Helm Cover, Helmen, Helmet Cover, Moped, Motorcycle, Scooter",,"https://bikerfun.nl/wp-content/uploads/2025/05/variant_111779_2024-12-21.png, https://bikerfun.nl/wp-content/uploads/2025/05/Clown-Left.png, https://bikerfun.nl/wp-content/uploads/2025/05/clown-Right.png",,,,,,,,,0,,,,default,207
2344,simple,6152600264284,,"Helmcovers  - Three Eyed Monster - Helmcover - Motor - Scooter - Universeel - Accessoires",1,0,visible,"Levertijd 1-2 werkdagen","<p class="""" data-start=""160"" data-end=""415""><strong data-start=""160"" data-end=""199"">Stijlvolle bescherming voor je helm</strong><br data-start=""199"" data-end=""202"" />Geef je helm een unieke en persoonlijke uitstraling met onze hoogwaardige stoffen helmcover. Deze cover is ontworpen om niet alleen visueel op te vallen, maar ook praktische voordelen te bieden tijdens het rijden.</p>\n<p class="""" data-start=""417"" data-end=""862"">• <strong data-start=""419"" data-end=""441"">Universele pasvorm</strong> – Dankzij het elastische ontwerp past de cover op de meeste integraalhelmen. Let op: bij systeemhelmen kan het openen beperkt worden.<br data-start=""575"" data-end=""578"" />• <strong data-start=""580"" data-end=""603"">Strakke aansluiting</strong> – De cover sluit nauw aan en blijft stevig op zijn plaats, ook bij hogere snelheden.<br data-start=""688"" data-end=""691"" />• <strong data-start=""693"" data-end=""708"">Beschermend</strong> – Helpt de helm te beschermen tegen krassen, stof en vuil.<br data-start=""767"" data-end=""770"" />• <strong data-start=""772"" data-end=""789"">Geluiddempend</strong> – Vermindert windruis voor een stillere en comfortabelere rijervaring.</p>\n<p class="""" data-start=""864"" data-end=""952""><em data-start=""864"" data-end=""952"">Let op: dit product betreft uitsluitend de helmcover. De helm zelf is niet inbegrepen.</em></p>",,,taxable,,0,0,,0,0,,,,,1,,,"34,95","Alles, Helmcovers","Accessoires, Brommer, Grappig, Helm Cover, Helmen, Helmet Cover, Moped, Motorcycle, Scooter",,"https://bikerfun.nl/wp-content/uploads/2025/05/variant_111783_2024-12-21.png, https://bikerfun.nl/wp-content/uploads/2025/05/Green-3-eyed-monster-side.avif",,,,,,,,,0,,,,default,232
2346,simple,6152600275259,,"Helmcovers  - Green Dragon - Helmcover - Motor - Scooter - Universeel - Accessoires",1,0,visible,"Levertijd 1-2 werkdagen","<p class="""" data-start=""160"" data-end=""415""><strong data-start=""160"" data-end=""199"">Stijlvolle bescherming voor je helm</strong><br data-start=""199"" data-end=""202"" />Geef je helm een unieke en persoonlijke uitstraling met onze hoogwaardige stoffen helmcover. Deze cover is ontworpen om niet alleen visueel op te vallen, maar ook praktische voordelen te bieden tijdens het rijden.</p>\n<p class="""" data-start=""417"" data-end=""862"">• <strong data-start=""419"" data-end=""441"">Universele pasvorm</strong> – Dankzij het elastische ontwerp past de cover op de meeste integraalhelmen. Let op: bij systeemhelmen kan het openen beperkt worden.<br data-start=""575"" data-end=""578"" />• <strong data-start=""580"" data-end=""603"">Strakke aansluiting</strong> – De cover sluit nauw aan en blijft stevig op zijn plaats, ook bij hogere snelheden.<br data-start=""688"" data-end=""691"" />• <strong data-start=""693"" data-end=""708"">Beschermend</strong> – Helpt de helm te beschermen tegen krassen, stof en vuil.<br data-start=""767"" data-end=""770"" />• <strong data-start=""772"" data-end=""789"">Geluiddempend</strong> – Vermindert windruis voor een stillere en comfortabelere rijervaring.</p>\n<p class="""" data-start=""864"" data-end=""952""><em data-start=""864"" data-end=""952"">Let op: dit product betreft uitsluitend de helmcover. De helm zelf is niet inbegrepen.</em></p>",,,taxable,,1,1,,0,0,,,,,1,,,"34,95","Alles, Helmcovers","Accessoires, Brommer, Grappig, Helm Cover, Helmen, Helmet Cover, Moped, Motorcycle, Scooter",,https://bikerfun.nl/wp-content/uploads/2025/05/Green-dragon-front_side.jpg,,,,,,,,,0,,,,default,206
2348,simple,6152600294236,,"Helmcovers  - Horror Bunny - Helmcover - Motor - Scooter - Universeel - Accessoires",1,0,visible,"Levertijd 1-2 werkdagen","<p class="""" data-start=""160"" data-end=""415""><strong data-start=""160"" data-end=""199"">Stijlvolle bescherming voor je helm</strong><br data-start=""199"" data-end=""202"" />Geef je helm een unieke en persoonlijke uitstraling met onze hoogwaardige stoffen helmcover. Deze cover is ontworpen om niet alleen visueel op te vallen, maar ook praktische voordelen te bieden tijdens het rijden.</p>\n<p class="""" data-start=""417"" data-end=""862"">• <strong data-start=""419"" data-end=""441"">Universele pasvorm</strong> – Dankzij het elastische ontwerp past de cover op de meeste integraalhelmen. Let op: bij systeemhelmen kan het openen beperkt worden.<br data-start=""575"" data-end=""578"" />• <strong data-start=""580"" data-end=""603"">Strakke aansluiting</strong> – De cover sluit nauw aan en blijft stevig op zijn plaats, ook bij hogere snelheden.<br data-start=""688"" data-end=""691"" />• <strong data-start=""693"" data-end=""708"">Beschermend</strong> – Helpt de helm te beschermen tegen krassen, stof en vuil.<br data-start=""767"" data-end=""770"" />• <strong data-start=""772"" data-end=""789"">Geluiddempend</strong> – Vermindert windruis voor een stillere en comfortabelere rijervaring.</p>\n<p class="""" data-start=""864"" data-end=""952""><em data-start=""864"" data-end=""952"">Let op: dit product betreft uitsluitend de helmcover. De helm zelf is niet inbegrepen.</em></p>",,,taxable,,1,1,,0,0,,,,,1,,,"34,95","Alles, Helmcovers","Accessoires, Brommer, Grappig, Helm Cover, Helmen, Helmet Cover, Moped, Motorcycle, Scooter",,"https://bikerfun.nl/wp-content/uploads/2025/05/Horror-Bunny-sidev2.png, https://bikerfun.nl/wp-content/uploads/2025/05/Horror-Bunny-Front.webp, https://bikerfun.nl/wp-content/uploads/2025/05/Horror-Bunny-front-side-back.avif",,,,,,,,,0,,,,default,213
2350,simple,6152600254254,,"Helmcovers  - Goblin - Helmcover - Motor - Scooter - Universeel - Accessoires",1,0,visible,"Levertijd 1-2 werkdagen","<p class="""" data-start=""160"" data-end=""415""><strong data-start=""160"" data-end=""199"">Stijlvolle bescherming voor je helm</strong><br data-start=""199"" data-end=""202"" />Geef je helm een unieke en persoonlijke uitstraling met onze hoogwaardige stoffen helmcover. Deze cover is ontworpen om niet alleen visueel op te vallen, maar ook praktische voordelen te bieden tijdens het rijden.</p>\n<p class="""" data-start=""417"" data-end=""862"">• <strong data-start=""419"" data-end=""441"">Universele pasvorm</strong> – Dankzij het elastische ontwerp past de cover op de meeste integraalhelmen. Let op: bij systeemhelmen kan het openen beperkt worden.<br data-start=""575"" data-end=""578"" />• <strong data-start=""580"" data-end=""603"">Strakke aansluiting</strong> – De cover sluit nauw aan en blijft stevig op zijn plaats, ook bij hogere snelheden.<br data-start=""688"" data-end=""691"" />• <strong data-start=""693"" data-end=""708"">Beschermend</strong> – Helpt de helm te beschermen tegen krassen, stof en vuil.<br data-start=""767"" data-end=""770"" />• <strong data-start=""772"" data-end=""789"">Geluiddempend</strong> – Vermindert windruis voor een stillere en comfortabelere rijervaring.</p>\n<p class="""" data-start=""864"" data-end=""952""><em data-start=""864"" data-end=""952"">Let op: dit product betreft uitsluitend de helmcover. De helm zelf is niet inbegrepen.</em></p>",,,taxable,,1,7,,0,0,,,,,1,,,"34,95","Alles, Helmcovers","Accessoires, Brommer, Grappig, Helm Cover, Helmen, Helmet Cover, Moped, Motorcycle, Scooter",,"https://bikerfun.nl/wp-content/uploads/2025/05/Goblin-right-side-scaled.png, https://bikerfun.nl/wp-content/uploads/2025/05/goblin-side.png, https://bikerfun.nl/wp-content/uploads/2025/05/goblin-left.png, https://bikerfun.nl/wp-content/uploads/2025/05/Goblin-Front-Upper.png",,,,,,,,,0,,,,default,205
2354,simple,6152600379360,,"Helmcovers  - Horror Puppet - Helmcover - Motor - Scooter - Universeel - Accessoires",1,0,visible,"Levertijd 1-2 werkdagen","<p class="""" data-start=""160"" data-end=""415""><strong data-start=""160"" data-end=""199"">Stijlvolle bescherming voor je helm</strong><br data-start=""199"" data-end=""202"" />Geef je helm een unieke en persoonlijke uitstraling met onze hoogwaardige stoffen helmcover. Deze cover is ontworpen om niet alleen visueel op te vallen, maar ook praktische voordelen te bieden tijdens het rijden.</p>\n<p class="""" data-start=""417"" data-end=""862"">• <strong data-start=""419"" data-end=""441"">Universele pasvorm</strong> – Dankzij het elastische ontwerp past de cover op de meeste integraalhelmen. Let op: bij systeemhelmen kan het openen beperkt worden.<br data-start=""575"" data-end=""578"" />• <strong data-start=""580"" data-end=""603"">Strakke aansluiting</strong> – De cover sluit nauw aan en blijft stevig op zijn plaats, ook bij hogere snelheden.<br data-start=""688"" data-end=""691"" />• <strong data-start=""693"" data-end=""708"">Beschermend</strong> – Helpt de helm te beschermen tegen krassen, stof en vuil.<br data-start=""767"" data-end=""770"" />• <strong data-start=""772"" data-end=""789"">Geluiddempend</strong> – Vermindert windruis voor een stillere en comfortabelere rijervaring.</p>\n<p class="""" data-start=""864"" data-end=""952""><em data-start=""864"" data-end=""952"">Let op: dit product betreft uitsluitend de helmcover. De helm zelf is niet inbegrepen.</em></p>",,,taxable,,1,3,,0,0,,,,,1,,,"34,95","Alles, Helmcovers","Accessoires, Brommer, Grappig, Helm Cover, Helmen, Helmet Cover, Moped, Motorcycle, Scooter",,"https://bikerfun.nl/wp-content/uploads/2025/05/jigsaw-front-upper-scaled.png, https://bikerfun.nl/wp-content/uploads/2025/05/jigsaw-side.png, https://bikerfun.nl/wp-content/uploads/2025/05/jigsaw-side-left.png",,,,,,,,,0,,,,default,219
2356,simple,6152600544553,,"Helmcovers  - Turtle - Helmcover - Motor - Scooter - Universeel - Accessoires",1,0,visible,"Levertijd 1-2 werkdagen","<p class="""" data-start=""160"" data-end=""415""><strong data-start=""160"" data-end=""199"">Stijlvolle bescherming voor je helm</strong><br data-start=""199"" data-end=""202"" />Geef je helm een unieke en persoonlijke uitstraling met onze hoogwaardige stoffen helmcover. Deze cover is ontworpen om niet alleen visueel op te vallen, maar ook praktische voordelen te bieden tijdens het rijden.</p>\n<p class="""" data-start=""417"" data-end=""862"">• <strong data-start=""419"" data-end=""441"">Universele pasvorm</strong> – Dankzij het elastische ontwerp past de cover op de meeste integraalhelmen. Let op: bij systeemhelmen kan het openen beperkt worden.<br data-start=""575"" data-end=""578"" />• <strong data-start=""580"" data-end=""603"">Strakke aansluiting</strong> – De cover sluit nauw aan en blijft stevig op zijn plaats, ook bij hogere snelheden.<br data-start=""688"" data-end=""691"" />• <strong data-start=""693"" data-end=""708"">Beschermend</strong> – Helpt de helm te beschermen tegen krassen, stof en vuil.<br data-start=""767"" data-end=""770"" />• <strong data-start=""772"" data-end=""789"">Geluiddempend</strong> – Vermindert windruis voor een stillere en comfortabelere rijervaring.</p>\n<p class="""" data-start=""864"" data-end=""952""><em data-start=""864"" data-end=""952"">Let op: dit product betreft uitsluitend de helmcover. De helm zelf is niet inbegrepen.</em></p>",,,taxable,,1,6,,0,0,,,,,1,,,"34,95","Alles, Helmcovers","Accessoires, Brommer, Grappig, Helm Cover, Helmen, Helmet Cover, Moped, Motorcycle, Scooter",,"https://bikerfun.nl/wp-content/uploads/2025/05/variant_111790_2024-12-21.jpg, https://bikerfun.nl/wp-content/uploads/2025/05/Ninja-turtle-side.jpg, https://bikerfun.nl/wp-content/uploads/2025/05/Ninja-turtle-side2.jpg",,,,,,,,,0,,,,default,202
2358,simple,6152600594572,,"Helmcovers  - Raindeer - Helmcover - Motor - Scooter - Universeel - Accessoires",1,0,visible,"Levertijd 1-2 werkdagen","<p class="""" data-start=""160"" data-end=""415""><strong data-start=""160"" data-end=""199"">Stijlvolle bescherming voor je helm</strong><br data-start=""199"" data-end=""202"" />Geef je helm een unieke en persoonlijke uitstraling met onze hoogwaardige stoffen helmcover. Deze cover is ontworpen om niet alleen visueel op te vallen, maar ook praktische voordelen te bieden tijdens het rijden.</p>\n<p class="""" data-start=""417"" data-end=""862"">• <strong data-start=""419"" data-end=""441"">Universele pasvorm</strong> – Dankzij het elastische ontwerp past de cover op de meeste integraalhelmen. Let op: bij systeemhelmen kan het openen beperkt worden.<br data-start=""575"" data-end=""578"" />• <strong data-start=""580"" data-end=""603"">Strakke aansluiting</strong> – De cover sluit nauw aan en blijft stevig op zijn plaats, ook bij hogere snelheden.<br data-start=""688"" data-end=""691"" />• <strong data-start=""693"" data-end=""708"">Beschermend</strong> – Helpt de helm te beschermen tegen krassen, stof en vuil.<br data-start=""767"" data-end=""770"" />• <strong data-start=""772"" data-end=""789"">Geluiddempend</strong> – Vermindert windruis voor een stillere en comfortabelere rijervaring.</p>\n<p class="""" data-start=""864"" data-end=""952""><em data-start=""864"" data-end=""952"">Let op: dit product betreft uitsluitend de helmcover. De helm zelf is niet inbegrepen.</em></p>",,,taxable,,1,5,,0,0,,,,,1,,,"34,95","Alles, Helmcovers","Accessoires, Brommer, Grappig, Helm Cover, Helmen, Helmet Cover, Moped, Motorcycle, Scooter",,https://bikerfun.nl/wp-content/uploads/2025/05/variant_111793_2024-12-21.jpg,,,,,,,,,0,,,,default,225
2359,simple,6152600525569,,"Helmcovers  - Mouse - Helmcover - Motor - Scooter - Universeel - Accessoires",1,0,visible,"Levertijd 1-2 werkdagen","<p class="""" data-start=""160"" data-end=""415""><strong data-start=""160"" data-end=""199"">Stijlvolle bescherming voor je helm</strong><br data-start=""199"" data-end=""202"" />Geef je helm een unieke en persoonlijke uitstraling met onze hoogwaardige stoffen helmcover. Deze cover is ontworpen om niet alleen visueel op te vallen, maar ook praktische voordelen te bieden tijdens het rijden.</p>\n<p class="""" data-start=""417"" data-end=""862"">• <strong data-start=""419"" data-end=""441"">Universele pasvorm</strong> – Dankzij het elastische ontwerp past de cover op de meeste integraalhelmen. Let op: bij systeemhelmen kan het openen beperkt worden.<br data-start=""575"" data-end=""578"" />• <strong data-start=""580"" data-end=""603"">Strakke aansluiting</strong> – De cover sluit nauw aan en blijft stevig op zijn plaats, ook bij hogere snelheden.<br data-start=""688"" data-end=""691"" />• <strong data-start=""693"" data-end=""708"">Beschermend</strong> – Helpt de helm te beschermen tegen krassen, stof en vuil.<br data-start=""767"" data-end=""770"" />• <strong data-start=""772"" data-end=""789"">Geluiddempend</strong> – Vermindert windruis voor een stillere en comfortabelere rijervaring.</p>\n<p class="""" data-start=""864"" data-end=""952""><em data-start=""864"" data-end=""952"">Let op: dit product betreft uitsluitend de helmcover. De helm zelf is niet inbegrepen.</em></p>",,,taxable,,1,3,,0,0,,,,,1,,,"34,95","Alles, Helmcovers","Accessoires, Brommer, Grappig, Helm Cover, Helmen, Helmet Cover, Moped, Motorcycle, Scooter",,"https://bikerfun.nl/wp-content/uploads/2025/05/variant_111789_2024-12-21.png, https://bikerfun.nl/wp-content/uploads/2025/05/Mouse_right.png, https://bikerfun.nl/wp-content/uploads/2025/05/Mouse_left.png, https://bikerfun.nl/wp-content/uploads/2025/05/Mouse_front_upper.png",,,,,,,,,0,,,,default,213
2360,simple,6152600519568,,"Helmcovers  - Funny Red Puppet - Helmcover - Motor - Scooter - Universeel - Accessoires",1,0,visible,"Levertijd 1-2 werkdagen","<p class="""" data-start=""160"" data-end=""415""><strong data-start=""160"" data-end=""199"">Stijlvolle bescherming voor je helm</strong><br data-start=""199"" data-end=""202"" />Geef je helm een unieke en persoonlijke uitstraling met onze hoogwaardige stoffen helmcover. Deze cover is ontworpen om niet alleen visueel op te vallen, maar ook praktische voordelen te bieden tijdens het rijden.</p>\n<p class="""" data-start=""417"" data-end=""862"">• <strong data-start=""419"" data-end=""441"">Universele pasvorm</strong> – Dankzij het elastische ontwerp past de cover op de meeste integraalhelmen. Let op: bij systeemhelmen kan het openen beperkt worden.<br data-start=""575"" data-end=""578"" />• <strong data-start=""580"" data-end=""603"">Strakke aansluiting</strong> – De cover sluit nauw aan en blijft stevig op zijn plaats, ook bij hogere snelheden.<br data-start=""688"" data-end=""691"" />• <strong data-start=""693"" data-end=""708"">Beschermend</strong> – Helpt de helm te beschermen tegen krassen, stof en vuil.<br data-start=""767"" data-end=""770"" />• <strong data-start=""772"" data-end=""789"">Geluiddempend</strong> – Vermindert windruis voor een stillere en comfortabelere rijervaring.</p>\n<p class="""" data-start=""864"" data-end=""952""><em data-start=""864"" data-end=""952"">Let op: dit product betreft uitsluitend de helmcover. De helm zelf is niet inbegrepen.</em></p>",,,taxable,,1,6,,0,0,,,,,1,,,"34,95","Alles, Helmcovers","Accessoires, Brommer, Grappig, Helm Cover, Helmen, Helmet Cover, Moped, Motorcycle, Scooter",,"https://bikerfun.nl/wp-content/uploads/2025/05/Mario-Front-scaled.png, https://bikerfun.nl/wp-content/uploads/2025/05/mario_left.png, https://bikerfun.nl/wp-content/uploads/2025/05/mario_right.png",,,,,,,,,0,,,,default,215
2363,simple,6152600412494,,"Helmcovers  - Pink Kitty - Helmcover - Motor - Scooter - Universeel - Accessoires",1,0,visible,"Levertijd 1-2 werkdagen","<p class="""" data-start=""160"" data-end=""415""><strong data-start=""160"" data-end=""199"">Stijlvolle bescherming voor je helm</strong><br data-start=""199"" data-end=""202"" />Geef je helm een unieke en persoonlijke uitstraling met onze hoogwaardige stoffen helmcover. Deze cover is ontworpen om niet alleen visueel op te vallen, maar ook praktische voordelen te bieden tijdens het rijden.</p>\n<p class="""" data-start=""417"" data-end=""862"">• <strong data-start=""419"" data-end=""441"">Universele pasvorm</strong> – Dankzij het elastische ontwerp past de cover op de meeste integraalhelmen. Let op: bij systeemhelmen kan het openen beperkt worden.<br data-start=""575"" data-end=""578"" />• <strong data-start=""580"" data-end=""603"">Strakke aansluiting</strong> – De cover sluit nauw aan en blijft stevig op zijn plaats, ook bij hogere snelheden.<br data-start=""688"" data-end=""691"" />• <strong data-start=""693"" data-end=""708"">Beschermend</strong> – Helpt de helm te beschermen tegen krassen, stof en vuil.<br data-start=""767"" data-end=""770"" />• <strong data-start=""772"" data-end=""789"">Geluiddempend</strong> – Vermindert windruis voor een stillere en comfortabelere rijervaring.</p>\n<p class="""" data-start=""864"" data-end=""952""><em data-start=""864"" data-end=""952"">Let op: dit product betreft uitsluitend de helmcover. De helm zelf is niet inbegrepen.</em></p>",,,taxable,,1,3,,0,0,,,,,1,,,"34,95","Alles, Helmcovers","Accessoires, Brommer, Grappig, Helm Cover, Helmen, Helmet Cover, Moped, Motorcycle, Scooter",,"https://bikerfun.nl/wp-content/uploads/2025/05/variant_111787_2024-12-21.png, https://bikerfun.nl/wp-content/uploads/2025/05/Kitty-right.png, https://bikerfun.nl/wp-content/uploads/2025/05/Kitty-front.png, https://bikerfun.nl/wp-content/uploads/2025/05/Kitty-front-top.png",,,,,,,,,0,,,,default,214
2364,simple,6152600692674,,"Helmcovers  - Satan - Helmcover - Motor - Scooter - Universeel - Accessoires",1,0,visible,"Levertijd 1-2 werkdagen","<p class="""" data-start=""160"" data-end=""415""><strong data-start=""160"" data-end=""199"">Stijlvolle bescherming voor je helm</strong><br data-start=""199"" data-end=""202"" />Geef je helm een unieke en persoonlijke uitstraling met onze hoogwaardige stoffen helmcover. Deze cover is ontworpen om niet alleen visueel op te vallen, maar ook praktische voordelen te bieden tijdens het rijden.</p>\n<p class="""" data-start=""417"" data-end=""862"">• <strong data-start=""419"" data-end=""441"">Universele pasvorm</strong> – Dankzij het elastische ontwerp past de cover op de meeste integraalhelmen. Let op: bij systeemhelmen kan het openen beperkt worden.<br data-start=""575"" data-end=""578"" />• <strong data-start=""580"" data-end=""603"">Strakke aansluiting</strong> – De cover sluit nauw aan en blijft stevig op zijn plaats, ook bij hogere snelheden.<br data-start=""688"" data-end=""691"" />• <strong data-start=""693"" data-end=""708"">Beschermend</strong> – Helpt de helm te beschermen tegen krassen, stof en vuil.<br data-start=""767"" data-end=""770"" />• <strong data-start=""772"" data-end=""789"">Geluiddempend</strong> – Vermindert windruis voor een stillere en comfortabelere rijervaring.</p>\n<p class="""" data-start=""864"" data-end=""952""><em data-start=""864"" data-end=""952"">Let op: dit product betreft uitsluitend de helmcover. De helm zelf is niet inbegrepen.</em></p>",,,taxable,,1,2,,0,0,,,,,1,,,"34,95","Alles, Helmcovers","Accessoires, Brommer, Grappig, Helm Cover, Helmen, Helmet Cover, Moped, Motorcycle, Scooter",,"https://bikerfun.nl/wp-content/uploads/2025/05/variant_111795_2024-12-21.png, https://bikerfun.nl/wp-content/uploads/2025/05/Red-Devil-Side.jpg",,,,,,,,,0,,,,default,218
2367,simple,6152600588571,,"Helmcovers  - Pink Bear - Helmcover - Motor - Scooter - Universeel - Accessoires",1,0,visible,"Levertijd 1-2 werkdagen","<p class="""" data-start=""160"" data-end=""415""><strong data-start=""160"" data-end=""199"">Stijlvolle bescherming voor je helm</strong><br data-start=""199"" data-end=""202"" />Geef je helm een unieke en persoonlijke uitstraling met onze hoogwaardige stoffen helmcover. Deze cover is ontworpen om niet alleen visueel op te vallen, maar ook praktische voordelen te bieden tijdens het rijden.</p>\n<p class="""" data-start=""417"" data-end=""862"">• <strong data-start=""419"" data-end=""441"">Universele pasvorm</strong> – Dankzij het elastische ontwerp past de cover op de meeste integraalhelmen. Let op: bij systeemhelmen kan het openen beperkt worden.<br data-start=""575"" data-end=""578"" />• <strong data-start=""580"" data-end=""603"">Strakke aansluiting</strong> – De cover sluit nauw aan en blijft stevig op zijn plaats, ook bij hogere snelheden.<br data-start=""688"" data-end=""691"" />• <strong data-start=""693"" data-end=""708"">Beschermend</strong> – Helpt de helm te beschermen tegen krassen, stof en vuil.<br data-start=""767"" data-end=""770"" />• <strong data-start=""772"" data-end=""789"">Geluiddempend</strong> – Vermindert windruis voor een stillere en comfortabelere rijervaring.</p>\n<p class="""" data-start=""864"" data-end=""952""><em data-start=""864"" data-end=""952"">Let op: dit product betreft uitsluitend de helmcover. De helm zelf is niet inbegrepen.</em></p>",,,taxable,,1,3,,0,0,,,,,1,,,"34,95","Alles, Helmcovers","Accessoires, Brommer, Grappig, Helm Cover, Helmen, Helmet Cover, Moped, Motorcycle, Scooter",,"https://bikerfun.nl/wp-content/uploads/2025/05/variant_111792_2024-12-21.png, https://bikerfun.nl/wp-content/uploads/2025/05/Pink-bear-left.png, https://bikerfun.nl/wp-content/uploads/2025/05/Pink-bear-front.png",,,,,,,,,0,,,,default,233
2369,simple,6152600639624,,"Helmcovers  - Rat - Helmcover - Motor - Scooter - Universeel - Accessoires",1,0,visible,"Levertijd 1-2 werkdagen","<p class="""" data-start=""160"" data-end=""415""><strong data-start=""160"" data-end=""199"">Stijlvolle bescherming voor je helm</strong><br data-start=""199"" data-end=""202"" />Geef je helm een unieke en persoonlijke uitstraling met onze hoogwaardige stoffen helmcover. Deze cover is ontworpen om niet alleen visueel op te vallen, maar ook praktische voordelen te bieden tijdens het rijden.</p>\n<p class="""" data-start=""417"" data-end=""862"">• <strong data-start=""419"" data-end=""441"">Universele pasvorm</strong> – Dankzij het elastische ontwerp past de cover op de meeste integraalhelmen. Let op: bij systeemhelmen kan het openen beperkt worden.<br data-start=""575"" data-end=""578"" />• <strong data-start=""580"" data-end=""603"">Strakke aansluiting</strong> – De cover sluit nauw aan en blijft stevig op zijn plaats, ook bij hogere snelheden.<br data-start=""688"" data-end=""691"" />• <strong data-start=""693"" data-end=""708"">Beschermend</strong> – Helpt de helm te beschermen tegen krassen, stof en vuil.<br data-start=""767"" data-end=""770"" />• <strong data-start=""772"" data-end=""789"">Geluiddempend</strong> – Vermindert windruis voor een stillere en comfortabelere rijervaring.</p>\n<p class="""" data-start=""864"" data-end=""952""><em data-start=""864"" data-end=""952"">Let op: dit product betreft uitsluitend de helmcover. De helm zelf is niet inbegrepen.</em></p>",,,taxable,,1,3,,0,0,,,,,1,,,"34,95","Alles, Helmcovers","Accessoires, Brommer, Grappig, Helm Cover, Helmen, Helmet Cover, Moped, Motorcycle, Scooter",,"https://bikerfun.nl/wp-content/uploads/2025/05/variant_111794_2024-12-21.png, https://bikerfun.nl/wp-content/uploads/2025/05/rat-left.png, https://bikerfun.nl/wp-content/uploads/2025/05/rat-right.png",,,,,,,,,0,,,,default,250
2371,simple,6152600789794,,"Helmcovers  - Tiger - Helmcover - Motor - Scooter - Universeel - Accessoires",1,0,visible,"Levertijd 1-2 werkdagen","<p class="""" data-start=""160"" data-end=""415""><strong data-start=""160"" data-end=""199"">Stijlvolle bescherming voor je helm</strong><br data-start=""199"" data-end=""202"" />Geef je helm een unieke en persoonlijke uitstraling met onze hoogwaardige stoffen helmcover. Deze cover is ontworpen om niet alleen visueel op te vallen, maar ook praktische voordelen te bieden tijdens het rijden.</p>\n<p class="""" data-start=""417"" data-end=""862"">• <strong data-start=""419"" data-end=""441"">Universele pasvorm</strong> – Dankzij het elastische ontwerp past de cover op de meeste integraalhelmen. Let op: bij systeemhelmen kan het openen beperkt worden.<br data-start=""575"" data-end=""578"" />• <strong data-start=""580"" data-end=""603"">Strakke aansluiting</strong> – De cover sluit nauw aan en blijft stevig op zijn plaats, ook bij hogere snelheden.<br data-start=""688"" data-end=""691"" />• <strong data-start=""693"" data-end=""708"">Beschermend</strong> – Helpt de helm te beschermen tegen krassen, stof en vuil.<br data-start=""767"" data-end=""770"" />• <strong data-start=""772"" data-end=""789"">Geluiddempend</strong> – Vermindert windruis voor een stillere en comfortabelere rijervaring.</p>\n<p class="""" data-start=""864"" data-end=""952""><em data-start=""864"" data-end=""952"">Let op: dit product betreft uitsluitend de helmcover. De helm zelf is niet inbegrepen.</em></p>",,,taxable,,1,5,,0,0,,,,,1,,,"34,95","Alles, Helmcovers","Accessoires, Brommer, Grappig, Helm Cover, Helmen, Helmet Cover, Moped, Motorcycle, Scooter",,"https://bikerfun.nl/wp-content/uploads/2025/05/Tiger-rechts-scaled.png, https://bikerfun.nl/wp-content/uploads/2025/05/Tiger-front-top.png, https://bikerfun.nl/wp-content/uploads/2025/05/Tiger-links.png",,,,,,,,,0,,,,default,246
2372,simple,6152600755737,,"Helmcovers  - Fast Funny Blue - Helmcover - Motor - Scooter - Universeel - Accessoires",1,0,visible,"Levertijd 1-2 werkdagen","<p class="""" data-start=""160"" data-end=""415""><strong data-start=""160"" data-end=""199"">Stijlvolle bescherming voor je helm</strong><br data-start=""199"" data-end=""202"" />Geef je helm een unieke en persoonlijke uitstraling met onze hoogwaardige stoffen helmcover. Deze cover is ontworpen om niet alleen visueel op te vallen, maar ook praktische voordelen te bieden tijdens het rijden.</p>\n<p class="""" data-start=""417"" data-end=""862"">• <strong data-start=""419"" data-end=""441"">Universele pasvorm</strong> – Dankzij het elastische ontwerp past de cover op de meeste integraalhelmen. Let op: bij systeemhelmen kan het openen beperkt worden.<br data-start=""575"" data-end=""578"" />• <strong data-start=""580"" data-end=""603"">Strakke aansluiting</strong> – De cover sluit nauw aan en blijft stevig op zijn plaats, ook bij hogere snelheden.<br data-start=""688"" data-end=""691"" />• <strong data-start=""693"" data-end=""708"">Beschermend</strong> – Helpt de helm te beschermen tegen krassen, stof en vuil.<br data-start=""767"" data-end=""770"" />• <strong data-start=""772"" data-end=""789"">Geluiddempend</strong> – Vermindert windruis voor een stillere en comfortabelere rijervaring.</p>\n<p class="""" data-start=""864"" data-end=""952""><em data-start=""864"" data-end=""952"">Let op: dit product betreft uitsluitend de helmcover. De helm zelf is niet inbegrepen.</em></p>",,,taxable,,1,7,,0,0,,,,,1,,,"34,95","Alles, Helmcovers","Accessoires, Brommer, Grappig, Helm Cover, Helmen, Helmet Cover, Moped, Motorcycle, Scooter",,"https://bikerfun.nl/wp-content/uploads/2025/05/Sonic-front-upperv2-scaled.png, https://bikerfun.nl/wp-content/uploads/2025/05/Sonic-left.png, https://bikerfun.nl/wp-content/uploads/2025/05/Sonic-right.png",,,,,,,,,0,,,,default,253
2373,simple,6152600822859,,"Helmcovers  - White Dragon - Helmcover - Motor - Scooter - Universeel - Accessoires",1,0,visible,"Levertijd 1-2 werkdagen","<p class="""" data-start=""160"" data-end=""415""><strong data-start=""160"" data-end=""199"">Stijlvolle bescherming voor je helm</strong><br data-start=""199"" data-end=""202"" />Geef je helm een unieke en persoonlijke uitstraling met onze hoogwaardige stoffen helmcover. Deze cover is ontworpen om niet alleen visueel op te vallen, maar ook praktische voordelen te bieden tijdens het rijden.</p>\n<p class="""" data-start=""417"" data-end=""862"">• <strong data-start=""419"" data-end=""441"">Universele pasvorm</strong> – Dankzij het elastische ontwerp past de cover op de meeste integraalhelmen. Let op: bij systeemhelmen kan het openen beperkt worden.<br data-start=""575"" data-end=""578"" />• <strong data-start=""580"" data-end=""603"">Strakke aansluiting</strong> – De cover sluit nauw aan en blijft stevig op zijn plaats, ook bij hogere snelheden.<br data-start=""688"" data-end=""691"" />• <strong data-start=""693"" data-end=""708"">Beschermend</strong> – Helpt de helm te beschermen tegen krassen, stof en vuil.<br data-start=""767"" data-end=""770"" />• <strong data-start=""772"" data-end=""789"">Geluiddempend</strong> – Vermindert windruis voor een stillere en comfortabelere rijervaring.</p>\n<p class="""" data-start=""864"" data-end=""952""><em data-start=""864"" data-end=""952"">Let op: dit product betreft uitsluitend de helmcover. De helm zelf is niet inbegrepen.</em></p>",,,taxable,,1,15,,0,0,,,,,1,,,"34,95","Alles, Helmcovers","Accessoires, Brommer, Grappig, Helm Cover, Helmen, Helmet Cover, Moped, Motorcycle, Scooter",,"https://bikerfun.nl/wp-content/uploads/2025/05/white-toothless-right.png, https://bikerfun.nl/wp-content/uploads/2025/05/white-toothless-left.png, https://bikerfun.nl/wp-content/uploads/2025/05/white-toothless-left-side_tail.png, https://bikerfun.nl/wp-content/uploads/2025/05/white-toothless-front.png",,,,,,,,,0,,,,default,254
2506,simple,,,"Yamaha R6 RJ15 | Grijs/Zwart | Arrow",0,0,hidden,,,,,taxable,nultarief,1,,,0,0,,,,,1,,,8600,Alles,,,https://bikerfun.nl/wp-content/uploads/2025/05/5f142b12-9139-46e4-bbdc-b58e7a58d040.jpg,,,,,,,,,0,,,,default,1
2540,simple,32,32,"Yamaha R6 RJ15 | Wit | Akrapovič",0,0,hidden,,,,,taxable,nultarief,1,,,0,0,,,,,1,,,8600,Alles,,,https://bikerfun.nl/wp-content/uploads/2025/05/908dc3df-578b-4f54-b455-333671ec50c3.jpg,,,,,,,,,0,,,,default,
2546,simple,31,31,"Yamaha R6 RJ11 | Zwart | 31",0,0,hidden,,,,,taxable,nultarief,1,,,0,0,,,,,1,,,8200,Alles,,,,,,,,,,,,0,,,,default,
2554,simple,29,29,"Yamaha R6 RJ11 | Wit/Rood | 2007 | 29",0,0,hidden,,,,,taxable,nultarief,1,,,0,0,,,,,1,,,8000,Alles,,,,,,,,,,,,0,,,,default,
2588,simple,,,"Nederlands kenteken aanvragen voor gebruikte voertuigen uit EU-of EVA-land",0,0,hidden,,,,,taxable,nultarief,1,,,0,0,,,,,1,,,"119,6",Alles,,,,,,,,,,,,0,,,,default,
2591,simple,,,"RDW VIA invoer",0,0,hidden,,,,,taxable,nultarief,1,,,0,0,,,,,1,,,"121,6",Alles,,,,,,,,,,,,0,,,,default,
2597,simple,35,35,"Honda CBR600RR PC40 | ABS | 35kw",0,0,hidden,,,,,taxable,nultarief,1,,,0,0,,,,,1,,,8500,Alles,,,,,,,,,,,,0,,,,default,
2612,simple,30,30,"Kawasaki ZX6R | 2009 | Groen | 35kw",0,0,hidden,,,,,taxable,nultarief,1,,,0,0,,,,,1,,,8200,Alles,,,,,,,,,,,,0,,,,default,
2620,simple,34,34,"Yamaha R6 RJ03 | 2000 | Rood | 35kw",0,0,hidden,,,,,taxable,nultarief,1,,,0,0,,,,,1,,,4500,Alles,,,,,,,,,,,,0,,,,default,
2633,simple,28,28,"Suzuki GSX-R 600 | K9 | 2010 | Zwart | 35kw",0,0,hidden,,,,,taxable,nultarief,1,,,0,0,,,,,1,,,8100,Alles,,,,,,,,,,,,0,,,,default,
2641,simple,33,33,"Yamaha R6 RJ03 | Blauw | 35kw",0,0,hidden,,,,,taxable,nultarief,1,,,0,0,,,,,1,,,4000,Alles,,,,,,,,,,,,0,,,,default,
2650,simple,37,37,"Honda CBR600RR PC37 | Zwart | 35kw",0,0,hidden,,,,,taxable,nultarief,1,,,0,0,,,,,1,,,6070,Alles,,,,,,,,,,,,0,,,,default,
2659,simple,38,38,"Honda CBR600RR PC37 | 2003 | 35kw",0,0,hidden,,,,,taxable,nultarief,1,,,0,0,,,,,1,,,5700,Alles,,,,,,,,,,,,0,,,,default,
2674,simple,41,41,"Yamaha R6 RJ05 | 2004 | 35kw",0,0,hidden,,,,,taxable,nultarief,1,,,0,0,,,,,1,,,6000,Alles,,,,,,,,,,,,0,,,,default,
2686,simple,48,48,"Kawasaki ZX-6R | Akrapovic | Zwarte Kleurstelling | 35kw",0,0,hidden,,,,,taxable,nultarief,1,,,0,0,,,,,1,,,7500,Alles,,,,,,,,,,,,0,,,,default,
2688,simple,39,36,"Yamaha R6 | RJ15 | Zwart Goud | 35kw",0,0,hidden,,,,,taxable,nultarief,1,,,0,0,,,,,1,,,7450,Alles,,,,,,,,,,,,0,,,,default,
2691,simple,50,50,"Yamaha R1 | RN22 | Zwart Goud",0,0,hidden,,,,,taxable,nultarief,1,,,0,0,,,,,1,,,8400,Alles,,,,,,,,,,,,0,,,,default,
2698,simple,46,46,"Suzuki GSX-R 600 | 35kw",0,0,hidden,,,,,taxable,nultarief,1,,,0,0,,,,,1,,,8300,Alles,,,,,,,,,,,,0,,,,default,
2707,simple,40,40,"Yamaha MT-09 | 2013",0,0,hidden,,,,,taxable,nultarief,1,,,0,0,,,,,1,,,6500,Alles,,,,,,,,,,,,0,,,,default,
2727,simple,43,43,"Yamaha YZF-R6 RJ11 | Blauw | QuickShifter | Snelgas | 35kw",0,0,hidden,,,,,taxable,nultarief,1,,,0,0,,,,,1,,,7500,Alles,,,,,,,,,,,,0,,,,default,
2737,simple,52,,"Kawasaki ZX-6R | Zwart | Akrapovic | 35kw",0,0,hidden,,,,,taxable,nultarief,1,,,0,0,,,,,1,,,5700,Alles,,,,,,,,,,,,0,,,,default,
2741,simple,36,,"Yamaha R6 RJ15 | Akrapovic | 35kw",0,0,hidden,,,,,taxable,nultarief,1,,,0,0,,,,,1,,,8300,Alles,,,,,,,,,,,,0,,,,default,
2748,simple,,,"Credit Lekkende Pakking Yamaha R6 RJ11",0,0,hidden,,,,,taxable,nultarief,1,,,0,0,,,,,1,,,'-180,Alles,,,,,,,,,,,,0,,,,default,
2756,simple,45,,"Honda CBR600RR PC37 | Zwart | 35kw",0,0,hidden,,,,,taxable,nultarief,1,,,0,0,,,,,1,,,5000,Alles,,,,,,,,,,,,0,,,,default,
2759,simple,44,44,"Yamaha R6 | RJ05 | Silver | 35kw",0,0,hidden,,,,,taxable,nultarief,1,,,0,0,,,,,1,,,5450,Alles,,,,,,,,,,,,0,,,,default,
2762,simple,51,51,"Honda CBR 600 RR | PC37",0,0,hidden,,,,,taxable,nultarief,1,,,0,0,,,,,1,,,5900,Alles,,,,,,,,,,,,0,,,,default,
2766,simple,47,,"Yamaha MT-07 ABS | 35kw",0,0,hidden,,,,,taxable,nultarief,1,,,0,0,,,,,1,,,6000,Alles,,,,,,,,,,,,0,,,,default,
2789,simple,58,58,"Honda CBR600RR | PC37 | 35kw",0,0,hidden,,,,,taxable,nultarief,1,,,0,0,,,,,1,,,5300,Alles,,,,,,,,,,,,0,,,,default,
2796,simple,42,42,"Yamaha R6 RJ03 | Blauw | 35kw",0,0,hidden,,,,,taxable,nultarief,1,,,0,0,,,,,1,,,4600,Alles,,,,,,,,,,,,0,,,,default,
2800,simple,53,53,"Yamaha R6 | RJ11 | 35kw",0,0,hidden,,,,,taxable,nultarief,1,,,0,0,,,,,1,,,7550,Alles,,,,,,,,,,,,0,,,,default,
2810,simple,61,61,"Yamaha R6 | RJ15 | Wit / Rood | Akrapovic | 35kw",0,0,hidden,,,,,taxable,nultarief,1,,,0,0,,,,,1,,,8100,Alles,,,,,,,,,,,,0,,,,default,
2815,simple,,,Arbeidsuren,0,0,hidden,,,,,taxable,,1,,,0,0,,,,,1,,,28,Alles,,,,,,,,,,,,0,,,,default,
2820,simple,56,,"Yamaha R6 | RJ11 | Akrapovic | Domino Snelgas | QuickShifter | 35kw",0,0,hidden,,,,,taxable,nultarief,1,,,0,0,,,,,1,,,8200,Alles,,,,,,,,,,,,0,,,,default,
2834,simple,57,57,"Honda CBR600RR PC37 | Rood | 35kw",0,0,hidden,,,,,taxable,nultarief,1,,,0,0,,,,,1,,,5500,Alles,,,,,,,,,,,,0,,,,default,
2853,simple,54,54,"Suzuki GSX-R 600 | Zwart / Silver | Akrapovic | 35kw",0,0,hidden,,,,,taxable,nultarief,1,,,0,0,,,,,1,,,7450,Alles,,,,,,,,,,,,0,,,,default,
2879,simple,64,64,"Yamaha R6 | RJ11 | RJ15 Ombouw | Akrapovic | 35kw",0,0,hidden,,,,,taxable,nultarief,1,,,0,0,,,,,1,,,7900,Alles,,,,,,,,,,,,0,,,,default,
2886,simple,62,62,"Honda CBR600RR PC37 | 35kw",0,0,hidden,,,,,taxable,nultarief,1,,,0,0,,,,,1,,,5600,Alles,,,,,,,,,,,,0,,,,default,
2889,simple,55,,"Kawasaki ZX-6R Groen | Akrapovic | 35kw",0,0,hidden,,,,,taxable,nultarief,1,,,0,0,,,,,1,,,6350,Alles,,,,,,,,,,,,0,,,,default,
2895,simple,,,"FUEL PUMP ASSY",0,0,hidden,,,,,taxable,,1,,,0,0,,,,,1,,,"152,76",Alles,,,,,,,,,,,,0,,,,default,
2897,simple,,,"FUEL COCK ASSY",0,0,hidden,,,,,taxable,,1,,,0,0,,,,,1,,,78,Alles,,,,,,,,,,,,0,,,,default,
2903,simple,65,65,"Yamaha R6 | RJ11",0,0,hidden,,,,,taxable,nultarief,1,,,0,0,,,,,1,,,7900,Alles,,,,,,,,,,,,0,,,,default,
2919,simple,,,"Honda CBR600RR PC40 | Akrapovic | 35kw",0,0,hidden,,,,,taxable,nultarief,1,,,0,0,,,,,1,,,7230,Alles,,,,,,,,,,,,0,,,,default,
2926,simple,59,,"Honda CBR600RR | PC37 | Zwart | 35kw",0,0,hidden,,,,,taxable,nultarief,1,,,0,0,,,,,1,,,5350,Alles,,,,,,,,,,,,0,,,,default,
2930,simple,63,,"Yamaha R6 | RJ09 | Blauw | Laser | 35kw",0,0,hidden,,,,,taxable,nultarief,1,,,0,0,,,,,1,,,6200,Alles,,,,,,,,,,,,0,,,,default,
2941,simple,73,,"Suzuki GSX-R 750 | 35kw",0,0,hidden,,,,,taxable,nultarief,1,,,0,0,,,,,1,,,7820,Alles,,,,,,,,,,,,0,,,,default,
2946,simple,68,68,"Honda CBR600RR | PC37 | Facelift | 35kw",0,0,hidden,,,,,taxable,nultarief,1,,,0,0,,,,,1,,,6000,Alles,,,,,,,,,,,,0,,,,default,
2952,simple,69,69,"Suzuki GSX-R 600 K9 | 35kw",1,0,visible,,,,,taxable,nultarief,1,,,0,0,,,,,1,,,8000,Alles,,,,,,,,,,,,0,,,,default,14
2960,simple,66,66,"Yamaha R6 | RJ09 | Rood | 35kw",0,0,hidden,,,,,taxable,nultarief,1,,,0,0,,,,,1,,,5400,Alles,,,,,,,,,,,,0,,,,default,
2972,simple,70,,"Kawasaki ZX6R | Groen | Mivv | 35kw",0,0,hidden,,,,,taxable,nultarief,1,,,0,0,,,,,1,,,5600,Alles,,,,,,,,,,,,0,,,,default,
2986,simple,72,72,"Honda CBR 600RR PC37 | FaceLift | LeoVince | 35kw",0,0,hidden,,,,,taxable,nultarief,1,,,0,0,,,,,1,,,5900,Alles,,,,,,,,,,,,0,,,,default,
2992,simple,,,"Suzuki GSX-R 600 | K9 | Zwart | Mivv | 35kw",0,0,hidden,,,,,taxable,,1,,,0,0,,,,,1,,,,Alles,,,,,,,,,,,,0,,,,default,
2994,simple,19,,"Yamaha R6 | RJ03 | Blauw | Mivv | 35kw | Motor problemen! LOOPT NIET!",0,0,hidden,,,,,taxable,nultarief,1,,,0,0,,,,,1,,,3000,Alles,,,,,,,,,,,,0,,,,default,
2997,simple,84,84,"Honda CBR1000RR | Fireblade | SC57",0,0,hidden,,,,,taxable,nultarief,1,,,0,0,,,,,1,,,'-5500,Alles,,,,,,,,,,,,0,,,,default,
3001,simple,80,80,"Yamaha R6 | RJ11 | Blauw | 35kw",0,0,hidden,,,,,taxable,nultarief,1,,,0,0,,,,,1,,,7200,Alles,,,,,,,,,,,,0,,,,default,
3007,simple,67,,"Kawasaki ZX6R | Zwart | 35kw",0,0,hidden,,,,,taxable,nultarief,1,,,0,0,,,,,1,,,7900,Alles,,,,,,,,,,,,0,,,,default,
3012,simple,83,,"Honda CBR600RR | PC37 | Zwart | 35kw",0,0,hidden,,,,,taxable,nultarief,1,,,0,0,,,,,1,,,6050,Alles,,,,,,,,,,,,0,,,,default,
3019,simple,,,"Aanpassing Motorvermogen",0,0,hidden,,,,,taxable,,1,,,0,0,,,,,1,,,800,Alles,,,,,,,,,,,,0,,"[]",,default,
